customer_id,full_name,email,country,city,created_at
1,Anna Kowalska,anna.kowalska@example.com,Poland,Warsaw,2025-08-14T12:43:46.114409+00:00
2,John Smith,john.smith@example.com,United States,New York,2025-07-31T20:54:09.114444+00:00
3,María García,maria.garcia@example.com,Spain,Madrid,2025-08-07T05:11:57.114453+00:00
4,Luca Bianchi,luca.bianchi@example.com,Italy,Milan,2025-08-06T04:40:31.114461+00:00
5,Sophie Martin,sophie.martin@example.com,France,Paris,2025-06-16T14:50:19.114473+00:00
6,Max Müller,max.mueller@example.com,Germany,Berlin,2025-08-30T11:57:00.114480+00:00
7,Olivia Brown,olivia.brown@example.com,United Kingdom,London,2025-04-15T20:47:32.114487+00:00
8,João Silva,joao.silva@example.com,Portugal,Lisbon,2025-06-06T16:36:58.114497+00:00
9,Aiko Tanaka,aiko.tanaka@example.com,Japan,Tokyo,2025-10-19T14:27:58.114510+00:00
10,Chen Wei,chen.wei@example.com,China,Shanghai,2025-11-20T18:00:50.114519+00:00
11,Priya Sharma,priya.sharma@example.com,India,Bengaluru,2025-05-15T04:10:11.114525+00:00
12,Lucas Souza,lucas.souza@example.com,Brazil,São Paulo,2026-01-27T03:46:46.114532+00:00
13,Emma Svensson,emma.svensson@example.com,Sweden,Stockholm,2025-06-11T13:12:26.114538+00:00
14,Noah van Dijk,noah.vandijk@example.com,Netherlands,Amsterdam,2025-12-25T18:37:39.114544+00:00
15,Michael Johnson,michael.johnson15@example.com,United States,New York,2025-06-29T11:34:41.114880+00:00
16,Beatriz Oliveira,beatriz.oliveira16@example.com,Brazil,São Paulo,2025-11-25T16:12:55.114922+00:00
17,Sophia Smith,sophia.smith17@example.com,United States,New York,2025-09-02T00:33:17.114951+00:00
18,Piotr Lewandowski,piotr.lewandowski18@example.com,Poland,Warsaw,2025-08-14T20:20:25.114981+00:00
19,Neha Singh,neha.singh19@example.com,India,Bengaluru,2025-10-17T23:39:09.115006+00:00
20,Lena Müller,lena.muller20@example.com,Germany,Berlin,2026-01-29T10:45:51.115057+00:00
21,Marco Russo,marco.russo21@example.com,Italy,Milan,2025-10-21T17:35:29.115080+00:00
22,Max Weber,max.weber22@example.com,Germany,Berlin,2025-11-12T20:14:05.115108+00:00
23,Sofía Martínez,sofia.martinez23@example.com,Spain,Madrid,2025-12-25T17:47:42.115132+00:00
24,Aoi Ito,aoi.ito24@example.com,Japan,Tokyo,2025-11-30T09:59:13.115154+00:00
25,Miguel López,miguel.lopez25@example.com,Spain,Madrid,2025-10-15T03:19:08.115175+00:00
26,David Taylor,david.taylor26@example.com,United States,New York,2025-09-17T00:29:49.115195+00:00
27,Marco Bianchi,marco.bianchi27@example.com,Italy,Milan,2025-03-05T19:25:21.115216+00:00
28,Chloé Roux,chloe.roux28@example.com,France,Paris,2025-06-20T23:58:32.115253+00:00
29,Olivia Miller,olivia.miller29@example.com,United States,New York,2026-01-16T04:01:24.115274+00:00
30,James Smith,james.smith30@example.com,United States,New York,2025-10-13T05:11:53.115293+00:00
31,Olivia Davis,olivia.davis31@example.com,United States,New York,2025-10-07T03:45:53.115314+00:00
32,Oliver Wilson,oliver.wilson32@example.com,United Kingdom,London,2025-09-26T00:48:55.115335+00:00
33,Tiago Oliveira,tiago.oliveira33@example.com,Portugal,Lisbon,2025-12-17T13:36:08.115355+00:00
34,Sakura Watanabe,sakura.watanabe34@example.com,Japan,Tokyo,2025-10-31T10:38:39.115376+00:00
35,David Smith,david.smith35@example.com,United States,New York,2025-10-09T08:22:17.115395+00:00
36,Hina Sato,hina.sato36@example.com,Japan,Tokyo,2025-06-20T15:54:24.115415+00:00
37,Mia Jones,mia.jones37@example.com,United Kingdom,London,2025-10-24T01:03:00.115435+00:00
38,Jack Davies,jack.davies38@example.com,United Kingdom,London,2025-11-12T14:54:13.115455+00:00
39,Milan Visser,milan.visser39@example.com,Netherlands,Amsterdam,2025-11-23T19:18:48.115474+00:00
40,Jun Yang,jun.yang40@example.com,China,Shanghai,2025-05-17T13:34:21.115494+00:00
41,Javier Martínez,javier.martinez41@example.com,Spain,Madrid,2025-05-22T20:21:19.115515+00:00
42,Daniel Johnson,daniel.johnson42@example.com,United States,New York,2025-11-04T14:59:23.115534+00:00
43,Emma Dubois,emma.dubois43@example.com,France,Paris,2025-08-29T13:10:30.115556+00:00
44,Jules Laurent,jules.laurent44@example.com,France,Paris,2025-04-29T18:10:26.115577+00:00
45,Emma de Jong,emma.de.jong45@example.com,Netherlands,Amsterdam,2025-03-23T10:02:34.115599+00:00
46,Aoi Ito,aoi.ito46@example.com,Japan,Tokyo,2025-06-08T19:53:45.115619+00:00
47,Tomasz Nowak,tomasz.nowak47@example.com,Poland,Warsaw,2025-12-27T00:38:17.115640+00:00
48,Amit Gupta,amit.gupta48@example.com,India,Bengaluru,2025-05-15T15:13:01.115663+00:00
49,Louis Laurent,louis.laurent49@example.com,France,Paris,2025-09-03T05:14:23.115683+00:00
50,Emma Brown,emma.brown50@example.com,United States,New York,2026-01-12T05:02:44.115702+00:00
51,Daniel Davis,daniel.davis51@example.com,United States,New York,2025-03-27T18:03:38.115721+00:00
52,Sofía Martínez,sofia.martinez52@example.com,Spain,Madrid,2025-12-02T01:05:55.115742+00:00
53,Katarzyna Nowak,katarzyna.nowak53@example.com,Poland,Warsaw,2025-04-29T07:59:17.115761+00:00
54,Giulia Romano,giulia.romano54@example.com,Italy,Milan,2025-06-15T04:45:34.115781+00:00
55,Francesca Ferrari,francesca.ferrari55@example.com,Italy,Milan,2025-04-21T05:49:50.115801+00:00
56,Mia Schneider,mia.schneider56@example.com,Germany,Berlin,2025-06-05T15:07:43.115820+00:00
57,Emma Dubois,emma.dubois57@example.com,France,Paris,2026-01-18T15:02:46.115841+00:00
58,Emily Davis,emily.davis58@example.com,United States,New York,2025-12-08T05:41:30.115859+00:00
59,Alessandro Romano,alessandro.romano59@example.com,Italy,Milan,2025-12-04T07:39:25.115879+00:00
60,Javier Sánchez,javier.sanchez60@example.com,Spain,Madrid,2025-08-16T07:45:04.115900+00:00
61,Ren Sato,ren.sato61@example.com,Japan,Tokyo,2025-12-14T01:20:33.115920+00:00
62,David Davis,david.davis62@example.com,United States,New York,2025-06-23T12:11:12.115942+00:00
63,James Davis,james.davis63@example.com,United States,New York,2025-09-05T11:01:08.115968+00:00
64,Zofia Wójcik,zofia.wojcik64@example.com,Poland,Warsaw,2026-01-19T06:08:08.115988+00:00
65,Agnieszka Kowalski,agnieszka.kowalski65@example.com,Poland,Warsaw,2026-01-18T21:20:59.116009+00:00
66,Agnieszka Nowak,agnieszka.nowak66@example.com,Poland,Warsaw,2025-10-15T05:57:59.116029+00:00
67,Emma Roux,emma.roux67@example.com,France,Paris,2025-10-11T15:45:13.116048+00:00
68,Lars de Vries,lars.de.vries68@example.com,Netherlands,Amsterdam,2025-12-23T23:35:58.116068+00:00
69,Daniel Davis,daniel.davis69@example.com,United States,New York,2025-10-22T09:56:58.116087+00:00
70,Ava Smith,ava.smith70@example.com,United Kingdom,London,2025-10-18T01:02:41.116107+00:00
71,Max Weber,max.weber71@example.com,Germany,Berlin,2026-01-19T18:06:28.116126+00:00
72,Paul Meyer,paul.meyer72@example.com,Germany,Berlin,2025-02-11T02:39:05.116145+00:00
73,Sneha Patel,sneha.patel73@example.com,India,Bengaluru,2025-11-02T01:38:44.116164+00:00
74,Michael Davis,michael.davis74@example.com,United States,New York,2025-07-01T19:17:37.116184+00:00
75,Tiago Santos,tiago.santos75@example.com,Portugal,Lisbon,2025-04-17T14:25:25.116204+00:00
76,Sakura Watanabe,sakura.watanabe76@example.com,Japan,Tokyo,2025-11-09T01:47:01.116224+00:00
77,Luca Gallo,luca.gallo77@example.com,Italy,Milan,2026-01-22T22:41:41.116253+00:00
78,Marco Russo,marco.russo78@example.com,Italy,Milan,2025-03-24T13:12:51.116274+00:00
79,Gabriel Oliveira,gabriel.oliveira79@example.com,Brazil,São Paulo,2025-11-05T22:52:57.116295+00:00
80,James Davis,james.davis80@example.com,United States,New York,2025-12-31T02:27:16.116315+00:00
81,Manon Dubois,manon.dubois81@example.com,France,Paris,2025-12-26T06:42:42.116335+00:00
82,Ana Santos,ana.santos82@example.com,Portugal,Lisbon,2025-06-06T01:48:54.116357+00:00
83,Lucía Fernández,lucia.fernandez83@example.com,Spain,Madrid,2025-11-11T03:38:20.116379+00:00
84,Michał Wiśniewski,micha.wisniewski84@example.com,Poland,Warsaw,2025-03-19T14:37:47.116401+00:00
85,Michael Miller,michael.miller85@example.com,United States,New York,2025-04-12T09:45:17.116420+00:00
86,Carmen Fernández,carmen.fernandez86@example.com,Spain,Madrid,2025-12-29T05:02:18.116443+00:00
87,Priya Sharma,priya.sharma87@example.com,India,Bengaluru,2025-12-10T19:37:59.116463+00:00
88,Julia de Jong,julia.de.jong88@example.com,Netherlands,Amsterdam,2025-06-19T19:37:51.116483+00:00
89,Piotr Nowak,piotr.nowak89@example.com,Poland,Warsaw,2025-06-27T20:17:36.116502+00:00
90,Daniel Taylor,daniel.taylor90@example.com,United States,New York,2025-08-14T23:06:13.116522+00:00
91,Paul Weber,paul.weber91@example.com,Germany,Berlin,2025-11-21T16:42:55.116541+00:00
92,Emma Miller,emma.miller92@example.com,United States,New York,2026-01-06T06:44:42.116560+00:00
93,Sofia Costa,sofia.costa93@example.com,Portugal,Lisbon,2025-03-15T12:30:51.116580+00:00
94,Jun Liu,jun.liu94@example.com,China,Shanghai,2025-11-13T20:20:47.116601+00:00
95,Ren Tanaka,ren.tanaka95@example.com,Japan,Tokyo,2025-12-23T15:20:07.116622+00:00
96,Laura Müller,laura.muller96@example.com,Germany,Berlin,2025-08-22T23:29:36.116642+00:00
97,Juliana Costa,juliana.costa97@example.com,Brazil,São Paulo,2025-03-31T21:28:29.116662+00:00
98,Oliver Wilson,oliver.wilson98@example.com,United Kingdom,London,2025-02-02T10:03:46.116682+00:00
99,Lena Weber,lena.weber99@example.com,Germany,Berlin,2025-05-18T14:29:15.116701+00:00
100,Noah Karlsson,noah.karlsson100@example.com,Sweden,Stockholm,2026-01-11T08:46:27.116721+00:00
101,Mia Smith,mia.smith101@example.com,United Kingdom,London,2025-03-20T11:00:11.116741+00:00
102,Pierre Dubois,pierre.dubois102@example.com,France,Paris,2025-12-11T07:32:47.116763+00:00
103,Emma de Vries,emma.de.vries103@example.com,Netherlands,Amsterdam,2025-08-15T08:24:01.116784+00:00
104,Francesca Gallo,francesca.gallo104@example.com,Italy,Milan,2025-08-17T02:00:47.116803+00:00
105,Hao Liu,hao.liu105@example.com,China,Shanghai,2025-10-14T05:33:06.116824+00:00
106,Fang Wang,fang.wang106@example.com,China,Shanghai,2025-12-26T01:33:59.116843+00:00
107,Daniel Brown,daniel.brown107@example.com,United States,New York,2026-01-12T17:45:22.116862+00:00
108,Emily Taylor,emily.taylor108@example.com,United States,New York,2025-08-25T14:50:53.116882+00:00
109,Mei Zhang,mei.zhang109@example.com,China,Shanghai,2025-04-04T11:11:38.116902+00:00
110,Paul Weber,paul.weber110@example.com,Germany,Berlin,2025-03-14T07:20:53.116922+00:00
111,Michael Davis,michael.davis111@example.com,United States,New York,2025-09-19T02:17:00.116942+00:00
112,Inês Ferreira,ines.ferreira112@example.com,Portugal,Lisbon,2025-09-27T06:54:49.116963+00:00
113,Carlos Sánchez,carlos.sanchez113@example.com,Spain,Madrid,2025-11-14T10:45:26.116983+00:00
114,Sakura Suzuki,sakura.suzuki114@example.com,Japan,Tokyo,2025-08-16T11:48:54.117003+00:00
115,Neha Mehta,neha.mehta115@example.com,India,Bengaluru,2025-02-03T11:48:22.117023+00:00
116,Sophia Smith,sophia.smith116@example.com,United States,New York,2025-05-15T19:49:26.117042+00:00
117,Sophie Smit,sophie.smit117@example.com,Netherlands,Amsterdam,2025-04-25T01:19:26.117063+00:00
118,Emily Miller,emily.miller118@example.com,United States,New York,2025-04-29T10:16:45.117082+00:00
119,Isla Jones,isla.jones119@example.com,United Kingdom,London,2025-10-07T21:52:32.117103+00:00
120,Amelia Davies,amelia.davies120@example.com,United Kingdom,London,2025-07-10T10:37:50.117122+00:00
121,Pierre Laurent,pierre.laurent121@example.com,France,Paris,2025-12-22T06:27:29.117144+00:00
122,Bram Smit,bram.smit122@example.com,Netherlands,Amsterdam,2025-06-04T10:17:40.117164+00:00
123,Ming Zhang,ming.zhang123@example.com,China,Shanghai,2025-09-03T16:16:47.117184+00:00
124,Mariana Pereira,mariana.pereira124@example.com,Brazil,São Paulo,2025-01-31T13:14:27.117206+00:00
125,Emma de Vries,emma.de.vries125@example.com,Netherlands,Amsterdam,2025-12-30T07:27:49.117235+00:00
126,Rafael Oliveira,rafael.oliveira126@example.com,Brazil,São Paulo,2025-12-30T16:35:34.117267+00:00
127,Paul Müller,paul.muller127@example.com,Germany,Berlin,2025-03-13T10:16:27.117291+00:00
128,Hina Tanaka,hina.tanaka128@example.com,Japan,Tokyo,2025-03-09T20:40:24.117318+00:00
129,Yuto Yamamoto,yuto.yamamoto129@example.com,Japan,Tokyo,2025-09-25T20:28:09.117342+00:00
130,Emily Miller,emily.miller130@example.com,United States,New York,2025-05-09T20:01:56.117365+00:00
131,Manon Lefèvre,manon.lefevre131@example.com,France,Paris,2025-09-13T19:06:44.117389+00:00
132,Luca Romano,luca.romano132@example.com,Italy,Milan,2025-05-28T23:18:54.117412+00:00
133,Matteo Bianchi,matteo.bianchi133@example.com,Italy,Milan,2025-11-16T20:41:13.117435+00:00
134,Beatriz Oliveira,beatriz.oliveira134@example.com,Brazil,São Paulo,2025-11-18T14:34:28.117459+00:00
135,George Davies,george.davies135@example.com,United Kingdom,London,2025-10-03T14:50:45.117481+00:00
136,Lena Meyer,lena.meyer136@example.com,Germany,Berlin,2025-11-19T02:30:33.117503+00:00
137,Rafael Pereira,rafael.pereira137@example.com,Brazil,São Paulo,2025-12-16T19:52:01.117527+00:00
138,Vikram Patel,vikram.patel138@example.com,India,Bengaluru,2025-08-02T16:21:52.117550+00:00
139,Pierre Laurent,pierre.laurent139@example.com,France,Paris,2025-02-26T11:22:05.117573+00:00
140,Miguel Pereira,miguel.pereira140@example.com,Portugal,Lisbon,2025-09-26T19:23:02.117596+00:00
141,Amit Kumar,amit.kumar141@example.com,India,Bengaluru,2025-05-09T10:55:06.117621+00:00
142,Ella Andersson,ella.andersson142@example.com,Sweden,Stockholm,2025-11-28T14:45:01.117645+00:00
143,Lena Schmidt,lena.schmidt143@example.com,Germany,Berlin,2025-11-09T05:22:05.117667+00:00
144,Aoi Sato,aoi.sato144@example.com,Japan,Tokyo,2025-09-29T11:32:21.117689+00:00
145,Yuto Yamamoto,yuto.yamamoto145@example.com,Japan,Tokyo,2025-02-16T00:48:26.117712+00:00
146,David Brown,david.brown146@example.com,United States,New York,2025-07-12T18:43:45.117733+00:00
147,Anna Meyer,anna.meyer147@example.com,Germany,Berlin,2025-03-31T02:15:08.117755+00:00
148,Sofía López,sofia.lopez148@example.com,Spain,Madrid,2026-01-01T13:23:53.117781+00:00
149,Harry Jones,harry.jones149@example.com,United Kingdom,London,2025-10-21T03:10:33.117804+00:00
150,Rafael Silva,rafael.silva150@example.com,Portugal,Lisbon,2025-11-20T12:34:39.117827+00:00
151,Giulia Bianchi,giulia.bianchi151@example.com,Italy,Milan,2025-09-15T01:49:51.117849+00:00
152,Max Müller,max.muller152@example.com,Germany,Berlin,2025-07-16T20:44:14.117873+00:00
153,Louis Simon,louis.simon153@example.com,France,Paris,2025-07-14T07:05:55.117904+00:00
154,Lena Weber,lena.weber154@example.com,Germany,Berlin,2025-06-06T13:05:06.117923+00:00
155,Yuto Suzuki,yuto.suzuki155@example.com,Japan,Tokyo,2025-06-22T05:24:22.117943+00:00
156,Daniel Johnson,daniel.johnson156@example.com,United States,New York,2026-01-12T18:48:42.117963+00:00
157,Ming Li,ming.li157@example.com,China,Shanghai,2025-03-03T09:15:48.117982+00:00
158,Agnieszka Wójcik,agnieszka.wojcik158@example.com,Poland,Warsaw,2025-03-10T04:02:03.118003+00:00
159,Mia Davies,mia.davies159@example.com,United Kingdom,London,2025-07-07T10:48:41.118022+00:00
160,Inês Oliveira,ines.oliveira160@example.com,Portugal,Lisbon,2025-08-03T07:45:22.118047+00:00
161,Leon Fischer,leon.fischer161@example.com,Germany,Berlin,2026-01-17T22:20:21.118068+00:00
162,Ana Almeida,ana.almeida162@example.com,Brazil,São Paulo,2026-01-23T03:58:05.118087+00:00
163,Lucía García,lucia.garcia163@example.com,Spain,Madrid,2025-05-31T04:57:39.118107+00:00
164,Bram Visser,bram.visser164@example.com,Netherlands,Amsterdam,2026-01-26T14:30:21.118127+00:00
165,Felix Meyer,felix.meyer165@example.com,Germany,Berlin,2025-06-19T07:15:06.118146+00:00
166,James Davis,james.davis166@example.com,United States,New York,2025-04-17T16:02:54.118165+00:00
167,Pedro Souza,pedro.souza167@example.com,Brazil,São Paulo,2025-09-29T14:48:22.118185+00:00
168,Wei Chen,wei.chen168@example.com,China,Shanghai,2026-01-14T06:14:33.118205+00:00
169,Anna Meyer,anna.meyer169@example.com,Germany,Berlin,2025-04-17T20:25:46.118230+00:00
170,Alva Larsson,alva.larsson170@example.com,Sweden,Stockholm,2025-12-03T22:01:46.118251+00:00
171,Emily Smith,emily.smith171@example.com,United States,New York,2025-05-29T03:36:08.118271+00:00
172,Ling Li,ling.li172@example.com,China,Shanghai,2025-03-21T11:32:17.118290+00:00
173,Mia Smith,mia.smith173@example.com,United Kingdom,London,2025-12-22T02:58:31.118310+00:00
174,Michał Kowalski,micha.kowalski174@example.com,Poland,Warsaw,2025-09-20T00:32:11.118333+00:00
175,Jun Liu,jun.liu175@example.com,China,Shanghai,2025-11-17T10:48:57.118353+00:00
176,Max Fischer,max.fischer176@example.com,Germany,Berlin,2025-06-10T02:42:12.118374+00:00
177,Zofia Kamiński,zofia.kaminski177@example.com,Poland,Warsaw,2025-10-05T11:36:54.118398+00:00
178,Sophia Brown,sophia.brown178@example.com,United States,New York,2025-12-21T02:25:05.118418+00:00
179,Chloé Laurent,chloe.laurent179@example.com,France,Paris,2025-10-12T13:11:31.118439+00:00
180,Milan Bakker,milan.bakker180@example.com,Netherlands,Amsterdam,2025-09-28T04:10:12.118465+00:00
181,Oliver Davies,oliver.davies181@example.com,United Kingdom,London,2025-12-23T10:56:20.118485+00:00
182,Tiago Costa,tiago.costa182@example.com,Portugal,Lisbon,2025-09-12T07:09:45.118504+00:00
183,Harry Smith,harry.smith183@example.com,United Kingdom,London,2025-04-01T05:47:39.118524+00:00
184,Jules Simon,jules.simon184@example.com,France,Paris,2025-07-11T07:10:02.118543+00:00
185,Francesca Romano,francesca.romano185@example.com,Italy,Milan,2025-09-06T21:16:57.118563+00:00
186,Leon Meyer,leon.meyer186@example.com,Germany,Berlin,2025-05-30T09:21:01.118582+00:00
187,Rahul Mehta,rahul.mehta187@example.com,India,Bengaluru,2025-07-13T06:02:11.118602+00:00
188,Sofía García,sofia.garcia188@example.com,Spain,Madrid,2025-11-22T17:29:05.118623+00:00
189,Laura Schneider,laura.schneider189@example.com,Germany,Berlin,2025-06-11T20:26:12.118642+00:00
190,Vikram Gupta,vikram.gupta190@example.com,India,Bengaluru,2025-10-04T22:11:24.118662+00:00
191,Mia Schneider,mia.schneider191@example.com,Germany,Berlin,2025-04-29T17:01:56.118682+00:00
192,Arjun Sharma,arjun.sharma192@example.com,India,Bengaluru,2025-09-20T05:16:43.118702+00:00
193,Zofia Wiśniewski,zofia.wisniewski193@example.com,Poland,Warsaw,2025-11-13T11:55:43.118723+00:00
194,Lena Meyer,lena.meyer194@example.com,Germany,Berlin,2025-12-19T20:11:12.118743+00:00
195,Sota Ito,sota.ito195@example.com,Japan,Tokyo,2025-12-02T15:41:07.118762+00:00
196,Pablo García,pablo.garcia196@example.com,Spain,Madrid,2025-07-31T09:23:09.118782+00:00
197,Mia Davies,mia.davies197@example.com,United Kingdom,London,2025-12-24T07:06:33.118802+00:00
198,Ana Pereira,ana.pereira198@example.com,Brazil,São Paulo,2026-01-17T16:50:07.118825+00:00
199,Piotr Kamiński,piotr.kaminski199@example.com,Poland,Warsaw,2025-02-20T05:04:55.118849+00:00
200,Ling Li,ling.li200@example.com,China,Shanghai,2025-02-14T10:52:18.118869+00:00
201,James Miller,james.miller201@example.com,United States,New York,2025-09-03T12:12:08.118889+00:00
202,Daan de Jong,daan.de.jong202@example.com,Netherlands,Amsterdam,2025-04-23T16:00:02.118909+00:00
203,Hao Wang,hao.wang203@example.com,China,Shanghai,2025-08-29T23:36:40.118928+00:00
204,James Smith,james.smith204@example.com,United States,New York,2025-12-01T10:56:17.118947+00:00
205,Michael Johnson,michael.johnson205@example.com,United States,New York,2025-07-10T09:10:43.118966+00:00
206,Laura Weber,laura.weber206@example.com,Germany,Berlin,2025-08-20T21:40:45.118986+00:00
207,Camille Lefèvre,camille.lefevre207@example.com,France,Paris,2025-03-21T22:00:47.119006+00:00
208,Jun Wang,jun.wang208@example.com,China,Shanghai,2025-03-13T17:15:12.119026+00:00
209,James Brown,james.brown209@example.com,United States,New York,2025-09-01T12:16:23.119045+00:00
210,David Miller,david.miller210@example.com,United States,New York,2025-02-04T15:56:51.119064+00:00
211,Olivia Davis,olivia.davis211@example.com,United States,New York,2025-10-27T09:08:54.119084+00:00
212,Carlos García,carlos.garcia212@example.com,Spain,Madrid,2025-04-18T22:22:39.119104+00:00
213,Paul Fischer,paul.fischer213@example.com,Germany,Berlin,2025-05-24T01:23:21.119124+00:00
214,Isla Taylor,isla.taylor214@example.com,United Kingdom,London,2025-06-26T13:23:56.119142+00:00
215,Isla Brown,isla.brown215@example.com,United Kingdom,London,2025-12-08T20:29:22.119162+00:00
216,Ava Smith,ava.smith216@example.com,United Kingdom,London,2025-05-01T19:33:19.119181+00:00
217,Tiago Santos,tiago.santos217@example.com,Portugal,Lisbon,2025-12-07T09:42:07.119201+00:00
218,Michael Miller,michael.miller218@example.com,United States,New York,2026-01-13T15:36:25.119220+00:00
219,Pedro Oliveira,pedro.oliveira219@example.com,Brazil,São Paulo,2025-02-20T20:28:29.119250+00:00
220,Michał Nowak,micha.nowak220@example.com,Poland,Warsaw,2025-07-10T02:28:06.119270+00:00
221,Mia Taylor,mia.taylor221@example.com,United Kingdom,London,2025-04-27T15:51:23.119291+00:00
222,Tomasz Lewandowski,tomasz.lewandowski222@example.com,Poland,Warsaw,2025-10-07T19:24:30.119311+00:00
223,Pedro Silva,pedro.silva223@example.com,Brazil,São Paulo,2025-08-21T00:04:19.119331+00:00
224,Pablo Martínez,pablo.martinez224@example.com,Spain,Madrid,2025-07-14T09:09:37.119351+00:00
225,Francesca Russo,francesca.russo225@example.com,Italy,Milan,2025-07-01T23:12:33.119370+00:00
226,Rahul Singh,rahul.singh226@example.com,India,Bengaluru,2025-08-27T01:41:09.119390+00:00
227,Lucas Pereira,lucas.pereira227@example.com,Brazil,São Paulo,2025-07-08T07:32:14.119412+00:00
228,Oliver Smith,oliver.smith228@example.com,United Kingdom,London,2026-01-18T09:47:11.119431+00:00
229,Camille Roux,camille.roux229@example.com,France,Paris,2025-03-01T02:08:38.119451+00:00
230,Jack Taylor,jack.taylor230@example.com,United Kingdom,London,2025-03-03T20:49:40.119470+00:00
231,Jan Nowak,jan.nowak231@example.com,Poland,Warsaw,2025-08-28T14:27:46.119489+00:00
232,Carmen Fernández,carmen.fernandez232@example.com,Spain,Madrid,2025-04-04T05:34:54.119510+00:00
233,Anna Schmidt,anna.schmidt233@example.com,Germany,Berlin,2025-02-06T03:22:17.119529+00:00
234,Laura Meyer,laura.meyer234@example.com,Germany,Berlin,2025-04-29T00:15:36.119549+00:00
235,Luca Romano,luca.romano235@example.com,Italy,Milan,2025-03-16T13:01:52.119568+00:00
236,Mei Chen,mei.chen236@example.com,China,Shanghai,2025-07-27T19:01:57.119588+00:00
237,Mariana Oliveira,mariana.oliveira237@example.com,Brazil,São Paulo,2025-03-07T13:22:58.119610+00:00
238,Sota Tanaka,sota.tanaka238@example.com,Japan,Tokyo,2025-04-20T14:03:00.119632+00:00
239,Anna Lewandowski,anna.lewandowski239@example.com,Poland,Warsaw,2025-11-29T04:05:46.119652+00:00
240,Emily Davis,emily.davis240@example.com,United States,New York,2025-12-16T06:00:04.119671+00:00
241,Amelia Smith,amelia.smith241@example.com,United Kingdom,London,2025-02-05T02:36:24.119691+00:00
242,Laura Meyer,laura.meyer242@example.com,Germany,Berlin,2025-10-20T12:54:09.119711+00:00
243,Sota Suzuki,sota.suzuki243@example.com,Japan,Tokyo,2025-02-13T01:36:04.119730+00:00
244,Harry Wilson,harry.wilson244@example.com,United Kingdom,London,2025-08-15T19:42:59.119749+00:00
245,Ana Pereira,ana.pereira245@example.com,Portugal,Lisbon,2025-11-28T20:53:02.119771+00:00
246,Tiago Silva,tiago.silva246@example.com,Portugal,Lisbon,2025-05-27T20:30:16.119791+00:00
247,Juliana Silva,juliana.silva247@example.com,Brazil,São Paulo,2025-09-26T10:47:12.119810+00:00
248,Yuto Ito,yuto.ito248@example.com,Japan,Tokyo,2025-01-31T00:15:44.119830+00:00
249,Carlos López,carlos.lopez249@example.com,Spain,Madrid,2026-01-05T00:13:35.119850+00:00
250,María Martínez,maria.martinez250@example.com,Spain,Madrid,2025-03-27T05:02:58.119870+00:00
251,Arjun Gupta,arjun.gupta251@example.com,India,Bengaluru,2025-02-24T12:12:46.119988+00:00
252,Jack Brown,jack.brown252@example.com,United Kingdom,London,2025-11-20T02:08:05.120010+00:00
253,Daniel Davis,daniel.davis253@example.com,United States,New York,2025-09-17T13:38:27.120031+00:00
254,Yuto Watanabe,yuto.watanabe254@example.com,Japan,Tokyo,2025-09-01T17:23:56.120052+00:00
255,Felix Meyer,felix.meyer255@example.com,Germany,Berlin,2025-09-08T15:23:28.120071+00:00
256,Lucía Fernández,lucia.fernandez256@example.com,Spain,Madrid,2025-07-08T05:20:03.120092+00:00
257,Carmen García,carmen.garcia257@example.com,Spain,Madrid,2025-10-10T08:14:17.120113+00:00
258,Michael Smith,michael.smith258@example.com,United States,New York,2025-05-06T09:16:35.120136+00:00
259,Amit Gupta,amit.gupta259@example.com,India,Bengaluru,2025-03-03T19:00:17.120156+00:00
260,Camille Simon,camille.simon260@example.com,France,Paris,2026-01-08T04:55:13.120176+00:00
261,Marco Rossi,marco.rossi261@example.com,Italy,Milan,2025-06-01T15:13:41.120196+00:00
262,Luca Bianchi,luca.bianchi262@example.com,Italy,Milan,2025-05-28T10:57:00.120215+00:00
263,Max Fischer,max.fischer263@example.com,Germany,Berlin,2025-05-02T08:20:07.120267+00:00
264,George Jones,george.jones264@example.com,United Kingdom,London,2025-02-10T01:08:57.120287+00:00
265,David Brown,david.brown265@example.com,United States,New York,2025-10-09T23:32:45.120307+00:00
266,Marco Rossi,marco.rossi266@example.com,Italy,Milan,2025-02-01T01:08:54.120326+00:00
267,Manon Laurent,manon.laurent267@example.com,France,Paris,2025-12-07T22:34:46.120346+00:00
268,Ming Yang,ming.yang268@example.com,China,Shanghai,2025-07-18T03:01:24.120369+00:00
269,Giulia Russo,giulia.russo269@example.com,Italy,Milan,2025-10-29T19:34:57.120390+00:00
270,Isla Taylor,isla.taylor270@example.com,United Kingdom,London,2025-11-17T01:11:05.120410+00:00
271,Mia Wilson,mia.wilson271@example.com,United Kingdom,London,2025-07-08T19:56:26.120430+00:00
272,Emma Smit,emma.smit272@example.com,Netherlands,Amsterdam,2025-03-20T20:13:58.120451+00:00
273,Priya Sharma,priya.sharma273@example.com,India,Bengaluru,2026-01-29T22:09:06.120470+00:00
274,Ren Yamamoto,ren.yamamoto274@example.com,Japan,Tokyo,2025-05-26T13:31:07.120490+00:00
275,James Taylor,james.taylor275@example.com,United States,New York,2026-01-19T15:41:42.120512+00:00
276,Emma Simon,emma.simon276@example.com,France,Paris,2025-11-10T20:57:25.120535+00:00
277,Mia Schneider,mia.schneider277@example.com,Germany,Berlin,2025-10-06T18:46:58.120562+00:00
278,Emma Moreau,emma.moreau278@example.com,France,Paris,2025-08-23T18:55:54.120581+00:00
279,Louis Simon,louis.simon279@example.com,France,Paris,2025-06-24T04:28:45.120601+00:00
280,Jack Jones,jack.jones280@example.com,United Kingdom,London,2025-12-10T09:09:45.120621+00:00
281,Max Müller,max.muller281@example.com,Germany,Berlin,2025-06-05T23:48:00.120642+00:00
282,Emma Simon,emma.simon282@example.com,France,Paris,2025-02-09T03:35:39.120662+00:00
283,Sophia Miller,sophia.miller283@example.com,United States,New York,2025-08-23T15:30:24.120682+00:00
284,Mia Schneider,mia.schneider284@example.com,Germany,Berlin,2025-10-23T01:33:18.120702+00:00
285,Priya Singh,priya.singh285@example.com,India,Bengaluru,2025-08-26T03:56:11.120723+00:00
286,Lucas Moreau,lucas.moreau286@example.com,France,Paris,2025-07-30T21:30:02.120742+00:00
287,Ling Zhang,ling.zhang287@example.com,China,Shanghai,2025-11-12T18:43:07.120763+00:00
288,Hina Yamamoto,hina.yamamoto288@example.com,Japan,Tokyo,2025-12-13T09:35:39.120782+00:00
289,Agnieszka Wiśniewski,agnieszka.wisniewski289@example.com,Poland,Warsaw,2025-03-07T17:32:49.120804+00:00
290,Carmen García,carmen.garcia290@example.com,Spain,Madrid,2025-01-31T06:03:32.120826+00:00
291,Sneha Patel,sneha.patel291@example.com,India,Bengaluru,2026-01-13T02:36:30.120846+00:00
292,Sakura Tanaka,sakura.tanaka292@example.com,Japan,Tokyo,2025-07-23T19:30:24.120865+00:00
293,Sophia Davis,sophia.davis293@example.com,United States,New York,2025-12-24T05:06:35.120887+00:00
294,Lucas Costa,lucas.costa294@example.com,Brazil,São Paulo,2025-03-30T21:04:20.120907+00:00
295,Michael Miller,michael.miller295@example.com,United States,New York,2025-09-04T15:59:54.120937+00:00
296,James Miller,james.miller296@example.com,United States,New York,2025-02-15T07:13:18.120959+00:00
297,Jules Simon,jules.simon297@example.com,France,Paris,2025-03-18T06:38:20.120987+00:00
298,Lena Schmidt,lena.schmidt298@example.com,Germany,Berlin,2025-11-30T13:28:05.121010+00:00
299,James Brown,james.brown299@example.com,United States,New York,2025-05-18T05:00:41.121032+00:00
300,Rafael Souza,rafael.souza300@example.com,Brazil,São Paulo,2025-12-14T03:38:26.121055+00:00
301,Erik Karlsson,erik.karlsson301@example.com,Sweden,Stockholm,2025-08-31T10:46:04.121078+00:00
302,Li Liu,li.liu302@example.com,China,Shanghai,2025-05-16T18:44:56.121100+00:00
303,George Taylor,george.taylor303@example.com,United Kingdom,London,2025-06-23T20:06:21.121122+00:00
304,Alessandro Gallo,alessandro.gallo304@example.com,Italy,Milan,2025-10-12T21:09:00.121145+00:00
305,Emma Johnson,emma.johnson305@example.com,United States,New York,2025-02-11T09:01:13.121168+00:00
306,Agnieszka Kowalski,agnieszka.kowalski306@example.com,Poland,Warsaw,2025-07-25T20:12:29.121191+00:00
307,David Miller,david.miller307@example.com,United States,New York,2025-03-12T18:53:19.121213+00:00
308,Jules Moreau,jules.moreau308@example.com,France,Paris,2025-12-17T01:10:44.121242+00:00
309,Priya Patel,priya.patel309@example.com,India,Bengaluru,2025-08-04T02:50:45.121265+00:00
310,Beatriz Santos,beatriz.santos310@example.com,Portugal,Lisbon,2026-01-22T04:10:55.121288+00:00
311,Max Schmidt,max.schmidt311@example.com,Germany,Berlin,2025-10-30T20:40:20.121311+00:00
312,Ana Almeida,ana.almeida312@example.com,Brazil,São Paulo,2025-10-18T00:02:34.121334+00:00
313,Emily Johnson,emily.johnson313@example.com,United States,New York,2025-07-10T19:35:44.121356+00:00
314,Amelia Smith,amelia.smith314@example.com,United Kingdom,London,2025-06-19T22:38:03.121382+00:00
315,David Taylor,david.taylor315@example.com,United States,New York,2025-06-14T23:18:35.121405+00:00
316,Juliana Oliveira,juliana.oliveira316@example.com,Brazil,São Paulo,2025-09-27T20:33:07.121431+00:00
317,James Smith,james.smith317@example.com,United States,New York,2025-11-21T18:17:21.121453+00:00
318,Chiara Russo,chiara.russo318@example.com,Italy,Milan,2025-08-01T10:08:12.121475+00:00
319,Chloé Laurent,chloe.laurent319@example.com,France,Paris,2025-09-13T03:16:29.121508+00:00
320,Jan Kowalski,jan.kowalski320@example.com,Poland,Warsaw,2025-05-26T16:27:31.121534+00:00
321,Emma Dubois,emma.dubois321@example.com,France,Paris,2025-11-29T09:31:48.121557+00:00
322,Jules Simon,jules.simon322@example.com,France,Paris,2025-08-27T18:02:01.121589+00:00
323,Emma Dubois,emma.dubois323@example.com,France,Paris,2025-05-21T20:17:20.121608+00:00
324,Alva Nilsson,alva.nilsson324@example.com,Sweden,Stockholm,2025-09-06T02:15:58.121629+00:00
325,Amelia Brown,amelia.brown325@example.com,United Kingdom,London,2025-04-22T18:04:19.121648+00:00
326,Michał Kowalski,micha.kowalski326@example.com,Poland,Warsaw,2025-12-14T20:39:15.121668+00:00
327,Max Schmidt,max.schmidt327@example.com,Germany,Berlin,2026-01-25T19:51:50.121688+00:00
328,Camille Dubois,camille.dubois328@example.com,France,Paris,2025-12-13T22:37:58.121711+00:00
329,Ella Karlsson,ella.karlsson329@example.com,Sweden,Stockholm,2026-01-17T06:08:08.121731+00:00
330,Sophia Johnson,sophia.johnson330@example.com,United States,New York,2025-10-01T06:42:40.121751+00:00
331,Felix Schneider,felix.schneider331@example.com,Germany,Berlin,2026-01-22T00:58:20.121771+00:00
332,Ling Zhang,ling.zhang332@example.com,China,Shanghai,2025-06-09T16:41:51.121790+00:00
333,Jun Zhang,jun.zhang333@example.com,China,Shanghai,2025-09-03T14:20:40.121809+00:00
334,Yui Yamamoto,yui.yamamoto334@example.com,Japan,Tokyo,2025-12-25T04:05:16.121828+00:00
335,Lucas Moreau,lucas.moreau335@example.com,France,Paris,2025-11-21T17:15:21.121848+00:00
336,Sofía Sánchez,sofia.sanchez336@example.com,Spain,Madrid,2025-05-30T21:24:45.121870+00:00
337,Carlos Fernández,carlos.fernandez337@example.com,Spain,Madrid,2025-12-20T14:26:38.121902+00:00
338,Mei Wang,mei.wang338@example.com,China,Shanghai,2025-07-17T03:50:28.121924+00:00
339,Milan de Jong,milan.de.jong339@example.com,Netherlands,Amsterdam,2025-05-28T17:26:03.121948+00:00
340,Francesca Bianchi,francesca.bianchi340@example.com,Italy,Milan,2025-12-13T00:10:24.121971+00:00
341,Emma Johnson,emma.johnson341@example.com,United States,New York,2025-12-01T05:47:45.121993+00:00
342,Ren Yamamoto,ren.yamamoto342@example.com,Japan,Tokyo,2025-11-13T14:54:27.122015+00:00
343,Emma Smith,emma.smith343@example.com,United States,New York,2025-04-18T10:11:08.122037+00:00
344,Milan Visser,milan.visser344@example.com,Netherlands,Amsterdam,2025-06-20T19:12:12.122060+00:00
345,Lucas Laurent,lucas.laurent345@example.com,France,Paris,2025-09-01T23:56:49.122082+00:00
346,Olivia Davis,olivia.davis346@example.com,United States,New York,2025-12-12T17:43:45.122105+00:00
347,Olivia Taylor,olivia.taylor347@example.com,United States,New York,2025-06-09T09:22:26.122126+00:00
348,Vikram Sharma,vikram.sharma348@example.com,India,Bengaluru,2025-02-20T17:07:20.122151+00:00
349,Javier García,javier.garcia349@example.com,Spain,Madrid,2025-09-01T09:10:26.122175+00:00
350,Amelia Jones,amelia.jones350@example.com,United Kingdom,London,2025-10-17T16:33:16.122197+00:00
351,Ananya Patel,ananya.patel351@example.com,India,Bengaluru,2025-10-15T12:12:06.122222+00:00
352,Rafael Costa,rafael.costa352@example.com,Brazil,São Paulo,2025-03-15T06:11:24.122253+00:00
353,George Taylor,george.taylor353@example.com,United Kingdom,London,2025-07-31T22:07:12.122275+00:00
354,Harry Smith,harry.smith354@example.com,United Kingdom,London,2025-12-28T03:37:49.122297+00:00
355,Emma Roux,emma.roux355@example.com,France,Paris,2025-06-02T12:01:41.122322+00:00
356,George Taylor,george.taylor356@example.com,United Kingdom,London,2025-06-09T09:27:33.122344+00:00
357,Miguel Oliveira,miguel.oliveira357@example.com,Portugal,Lisbon,2025-09-06T17:15:49.122367+00:00
358,Javier López,javier.lopez358@example.com,Spain,Madrid,2025-08-22T02:57:46.122390+00:00
359,Amelia Jones,amelia.jones359@example.com,United Kingdom,London,2025-07-13T11:40:36.122413+00:00
360,Lucía Sánchez,lucia.sanchez360@example.com,Spain,Madrid,2025-07-26T19:02:53.122437+00:00
361,Emily Brown,emily.brown361@example.com,United States,New York,2025-06-14T01:36:49.122487+00:00
362,Lucía Fernández,lucia.fernandez362@example.com,Spain,Madrid,2025-10-14T17:07:13.122510+00:00
363,Li Li,li.li363@example.com,China,Shanghai,2025-09-05T00:08:25.122533+00:00
364,David Miller,david.miller364@example.com,United States,New York,2025-09-12T03:56:31.122563+00:00
365,Laura Schmidt,laura.schmidt365@example.com,Germany,Berlin,2025-05-02T23:41:07.122583+00:00
366,Luca Romano,luca.romano366@example.com,Italy,Milan,2025-06-12T14:05:51.122602+00:00
367,Julia Bakker,julia.bakker367@example.com,Netherlands,Amsterdam,2025-04-26T00:44:41.122621+00:00
368,Amit Sharma,amit.sharma368@example.com,India,Bengaluru,2025-07-28T10:59:24.122642+00:00
369,Pablo Pérez,pablo.perez369@example.com,Spain,Madrid,2025-09-06T23:55:46.122662+00:00
370,Yui Yamamoto,yui.yamamoto370@example.com,Japan,Tokyo,2025-10-27T12:45:42.122681+00:00
371,Michael Davis,michael.davis371@example.com,United States,New York,2025-10-20T23:51:09.122700+00:00
372,Ananya Sharma,ananya.sharma372@example.com,India,Bengaluru,2025-07-22T10:39:42.122720+00:00
373,Camille Roux,camille.roux373@example.com,France,Paris,2025-08-30T10:52:39.122739+00:00
374,David Johnson,david.johnson374@example.com,United States,New York,2025-11-21T14:12:47.122758+00:00
375,Felix Meyer,felix.meyer375@example.com,Germany,Berlin,2025-09-07T21:55:32.122779+00:00
376,Vikram Singh,vikram.singh376@example.com,India,Bengaluru,2025-02-26T12:31:08.122799+00:00
377,Sophia Davis,sophia.davis377@example.com,United States,New York,2025-02-04T02:42:40.122820+00:00
378,Milan de Vries,milan.de.vries378@example.com,Netherlands,Amsterdam,2025-03-21T08:32:49.122843+00:00
379,David Brown,david.brown379@example.com,United States,New York,2025-08-02T05:29:31.122874+00:00
380,Laura Schneider,laura.schneider380@example.com,Germany,Berlin,2025-06-10T15:53:01.122897+00:00
381,Wei Yang,wei.yang381@example.com,China,Shanghai,2025-03-05T07:09:01.122920+00:00
382,Daniel Smith,daniel.smith382@example.com,United States,New York,2025-10-25T23:15:36.122942+00:00
383,Sophia Smith,sophia.smith383@example.com,United States,New York,2025-08-14T08:57:57.122965+00:00
384,Agnieszka Wójcik,agnieszka.wojcik384@example.com,Poland,Warsaw,2025-06-24T23:40:59.122988+00:00
385,Olivia Johnson,olivia.johnson385@example.com,United States,New York,2025-04-08T19:47:29.123010+00:00
386,Paul Schneider,paul.schneider386@example.com,Germany,Berlin,2026-01-22T19:50:43.123032+00:00
387,George Brown,george.brown387@example.com,United Kingdom,London,2025-06-30T10:34:12.123054+00:00
388,Amelia Brown,amelia.brown388@example.com,United Kingdom,London,2026-01-12T16:08:38.123077+00:00
389,David Davis,david.davis389@example.com,United States,New York,2026-01-01T01:14:35.123101+00:00
390,Oliver Wilson,oliver.wilson390@example.com,United Kingdom,London,2025-05-04T20:06:49.123124+00:00
391,Max Müller,max.muller391@example.com,Germany,Berlin,2025-08-04T04:39:03.123146+00:00
392,Mia Schneider,mia.schneider392@example.com,Germany,Berlin,2025-10-30T10:05:37.123170+00:00
393,Miguel García,miguel.garcia393@example.com,Spain,Madrid,2025-05-25T14:47:32.123192+00:00
394,Sophie de Jong,sophie.de.jong394@example.com,Netherlands,Amsterdam,2025-04-21T17:33:24.123222+00:00
395,Lucas Almeida,lucas.almeida395@example.com,Brazil,São Paulo,2025-12-22T14:53:29.123252+00:00
396,Jun Wang,jun.wang396@example.com,China,Shanghai,2026-01-07T01:15:52.123275+00:00
397,Sophia Brown,sophia.brown397@example.com,United States,New York,2025-02-13T16:47:09.123297+00:00
398,Ananya Mehta,ananya.mehta398@example.com,India,Bengaluru,2025-02-22T09:59:26.123320+00:00
399,Daniel Miller,daniel.miller399@example.com,United States,New York,2025-04-22T08:38:13.123342+00:00
400,Katarzyna Kowalski,katarzyna.kowalski400@example.com,Poland,Warsaw,2025-10-07T20:56:30.123365+00:00
401,Julia Jansen,julia.jansen401@example.com,Netherlands,Amsterdam,2025-04-06T00:44:18.123388+00:00
402,Tess de Vries,tess.de.vries402@example.com,Netherlands,Amsterdam,2025-12-24T21:43:54.123411+00:00
403,Sneha Gupta,sneha.gupta403@example.com,India,Bengaluru,2025-04-25T04:42:58.123467+00:00
404,Wei Zhang,wei.zhang404@example.com,China,Shanghai,2025-10-07T06:27:18.123489+00:00
405,Hugo Persson,hugo.persson405@example.com,Sweden,Stockholm,2025-09-20T09:10:13.123523+00:00
406,Lena Müller,lena.muller406@example.com,Germany,Berlin,2025-07-20T22:11:03.123544+00:00
407,Leon Schneider,leon.schneider407@example.com,Germany,Berlin,2025-07-17T17:10:37.123564+00:00
408,Rahul Gupta,rahul.gupta408@example.com,India,Bengaluru,2025-02-09T08:27:39.123585+00:00
409,María Sánchez,maria.sanchez409@example.com,Spain,Madrid,2025-10-05T21:05:34.123606+00:00
410,Camille Dubois,camille.dubois410@example.com,France,Paris,2025-02-27T01:34:53.123626+00:00
411,George Smith,george.smith411@example.com,United Kingdom,London,2025-09-21T05:57:07.123645+00:00
412,Fang Wang,fang.wang412@example.com,China,Shanghai,2025-07-19T18:12:24.123665+00:00
413,Emma Dubois,emma.dubois413@example.com,France,Paris,2025-06-08T11:37:27.123684+00:00
414,Paul Schneider,paul.schneider414@example.com,Germany,Berlin,2025-08-11T04:20:44.123706+00:00
415,Pedro Pereira,pedro.pereira415@example.com,Brazil,São Paulo,2025-02-13T15:00:42.123726+00:00
416,Lucas Lefèvre,lucas.lefevre416@example.com,France,Paris,2025-02-17T17:24:44.123747+00:00
417,Daniel Miller,daniel.miller417@example.com,United States,New York,2025-08-08T15:18:21.123767+00:00
418,Daniel Johnson,daniel.johnson418@example.com,United States,New York,2025-04-19T19:35:54.123787+00:00
419,Javier Fernández,javier.fernandez419@example.com,Spain,Madrid,2025-06-12T20:55:37.123807+00:00
420,Ling Wang,ling.wang420@example.com,China,Shanghai,2026-01-11T08:11:04.123827+00:00
421,Arjun Singh,arjun.singh421@example.com,India,Bengaluru,2025-07-24T08:09:38.123846+00:00
422,Ming Wang,ming.wang422@example.com,China,Shanghai,2025-06-08T23:16:58.123866+00:00
423,Ava Davies,ava.davies423@example.com,United Kingdom,London,2025-03-01T04:53:35.123886+00:00
424,Emma Jansen,emma.jansen424@example.com,Netherlands,Amsterdam,2025-07-14T09:23:17.123906+00:00
425,Paul Müller,paul.muller425@example.com,Germany,Berlin,2025-11-18T01:58:43.123929+00:00
426,Emma Dubois,emma.dubois426@example.com,France,Paris,2025-11-13T03:13:37.123949+00:00
427,Fang Yang,fang.yang427@example.com,China,Shanghai,2025-03-08T05:27:00.123969+00:00
428,Pierre Roux,pierre.roux428@example.com,France,Paris,2025-08-08T21:22:24.123989+00:00
429,María Sánchez,maria.sanchez429@example.com,Spain,Madrid,2025-02-26T22:45:02.124012+00:00
430,Pierre Roux,pierre.roux430@example.com,France,Paris,2025-11-10T04:44:50.124032+00:00
431,Felix Schneider,felix.schneider431@example.com,Germany,Berlin,2026-01-06T00:52:35.124051+00:00
432,James Davis,james.davis432@example.com,United States,New York,2025-04-04T04:37:08.124071+00:00
433,Erik Johansson,erik.johansson433@example.com,Sweden,Stockholm,2025-12-14T23:00:29.124093+00:00
434,Yui Watanabe,yui.watanabe434@example.com,Japan,Tokyo,2025-10-31T19:09:32.124113+00:00
435,Max Fischer,max.fischer435@example.com,Germany,Berlin,2025-05-27T00:33:37.124133+00:00
436,Mei Zhang,mei.zhang436@example.com,China,Shanghai,2025-03-06T21:33:08.124165+00:00
437,Wei Chen,wei.chen437@example.com,China,Shanghai,2025-07-07T03:15:52.124187+00:00
438,Michael Miller,michael.miller438@example.com,United States,New York,2025-07-19T18:04:05.124212+00:00
439,Felix Weber,felix.weber439@example.com,Germany,Berlin,2025-03-12T15:09:48.124242+00:00
440,Mei Li,mei.li440@example.com,China,Shanghai,2025-03-04T16:07:45.124265+00:00
441,Leon Schmidt,leon.schmidt441@example.com,Germany,Berlin,2025-05-10T18:00:45.124287+00:00
442,Marco Russo,marco.russo442@example.com,Italy,Milan,2026-01-07T04:18:27.124310+00:00
443,Ren Ito,ren.ito443@example.com,Japan,Tokyo,2025-02-25T16:43:19.124332+00:00
444,Camille Laurent,camille.laurent444@example.com,France,Paris,2025-03-18T03:18:33.124355+00:00
445,Sota Yamamoto,sota.yamamoto445@example.com,Japan,Tokyo,2025-03-23T05:33:47.124378+00:00
446,Ming Li,ming.li446@example.com,China,Shanghai,2025-08-10T17:27:17.124400+00:00
447,Li Chen,li.chen447@example.com,China,Shanghai,2025-09-04T08:13:09.124423+00:00
448,Manon Lefèvre,manon.lefevre448@example.com,France,Paris,2025-03-23T09:02:44.124447+00:00
449,Pierre Dubois,pierre.dubois449@example.com,France,Paris,2026-01-15T04:53:22.124470+00:00
450,Ava Davies,ava.davies450@example.com,United Kingdom,London,2025-04-19T09:23:01.124492+00:00
451,Felix Weber,felix.weber451@example.com,Germany,Berlin,2025-11-14T21:28:28.124515+00:00
452,Max Müller,max.muller452@example.com,Germany,Berlin,2026-01-02T20:05:48.124538+00:00
453,Sara Ferrari,sara.ferrari453@example.com,Italy,Milan,2025-07-13T23:58:03.124564+00:00
454,Katarzyna Nowak,katarzyna.nowak454@example.com,Poland,Warsaw,2025-06-04T12:33:26.124586+00:00
455,Aoi Watanabe,aoi.watanabe455@example.com,Japan,Tokyo,2025-08-25T09:52:39.124609+00:00
456,María Sánchez,maria.sanchez456@example.com,Spain,Madrid,2025-09-17T19:32:31.124643+00:00
457,Milan de Jong,milan.de.jong457@example.com,Netherlands,Amsterdam,2025-06-04T17:10:19.124665+00:00
458,Mariana Costa,mariana.costa458@example.com,Brazil,São Paulo,2025-12-24T09:50:33.124688+00:00
459,Agnieszka Kamiński,agnieszka.kaminski459@example.com,Poland,Warsaw,2025-12-30T02:37:07.124713+00:00
460,Carmen Fernández,carmen.fernandez460@example.com,Spain,Madrid,2025-12-07T11:27:57.124739+00:00
461,Ana Oliveira,ana.oliveira461@example.com,Brazil,São Paulo,2025-10-09T04:34:28.124761+00:00
462,Luca Ferrari,luca.ferrari462@example.com,Italy,Milan,2025-05-18T15:47:55.124791+00:00
463,Daniel Smith,daniel.smith463@example.com,United States,New York,2025-02-09T23:52:12.124810+00:00
464,Rahul Patel,rahul.patel464@example.com,India,Bengaluru,2025-07-31T22:08:24.124829+00:00
465,Tomasz Wiśniewski,tomasz.wisniewski465@example.com,Poland,Warsaw,2026-01-26T06:20:45.124849+00:00
466,Aoi Ito,aoi.ito466@example.com,Japan,Tokyo,2026-01-09T07:56:42.124868+00:00
467,Camille Laurent,camille.laurent467@example.com,France,Paris,2025-07-24T13:17:38.124887+00:00
468,Lena Meyer,lena.meyer468@example.com,Germany,Berlin,2025-03-06T09:52:13.124906+00:00
469,Sota Ito,sota.ito469@example.com,Japan,Tokyo,2025-10-10T09:56:00.124926+00:00
470,Carmen Fernández,carmen.fernandez470@example.com,Spain,Madrid,2025-08-04T02:44:56.124946+00:00
471,Leon Müller,leon.muller471@example.com,Germany,Berlin,2025-10-13T04:49:35.124966+00:00
472,João Silva,joao.silva472@example.com,Portugal,Lisbon,2025-04-24T01:50:40.124988+00:00
473,Sophia Johnson,sophia.johnson473@example.com,United States,New York,2025-08-14T23:07:47.125007+00:00
474,Bram Visser,bram.visser474@example.com,Netherlands,Amsterdam,2025-07-27T15:41:46.125026+00:00
475,James Taylor,james.taylor475@example.com,United States,New York,2025-10-08T11:29:44.125044+00:00
476,Gabriel Almeida,gabriel.almeida476@example.com,Brazil,São Paulo,2025-09-13T11:49:15.125064+00:00
477,David Taylor,david.taylor477@example.com,United States,New York,2026-01-16T07:26:55.125082+00:00
478,Francesca Bianchi,francesca.bianchi478@example.com,Italy,Milan,2026-01-17T11:54:58.125101+00:00
479,Miguel López,miguel.lopez479@example.com,Spain,Madrid,2026-01-17T06:59:32.125121+00:00
480,Gabriel Costa,gabriel.costa480@example.com,Brazil,São Paulo,2025-09-14T01:52:41.125140+00:00
481,Olivia Brown,olivia.brown481@example.com,United States,New York,2025-09-29T20:34:11.125159+00:00
482,Carmen García,carmen.garcia482@example.com,Spain,Madrid,2025-10-22T19:34:13.125181+00:00
483,Mei Zhang,mei.zhang483@example.com,China,Shanghai,2025-11-14T01:11:02.125200+00:00
484,Jun Li,jun.li484@example.com,China,Shanghai,2025-03-13T18:38:54.125219+00:00
485,Lucas Lefèvre,lucas.lefevre485@example.com,France,Paris,2025-12-26T02:24:58.125245+00:00
486,Ava Brown,ava.brown486@example.com,United Kingdom,London,2025-04-14T16:43:03.125264+00:00
487,Emma Johnson,emma.johnson487@example.com,United States,New York,2025-11-04T05:17:27.125283+00:00
488,Anna Fischer,anna.fischer488@example.com,Germany,Berlin,2025-08-24T07:14:41.125302+00:00
489,Lars de Vries,lars.de.vries489@example.com,Netherlands,Amsterdam,2026-01-20T20:25:49.125322+00:00
490,Rahul Sharma,rahul.sharma490@example.com,India,Bengaluru,2025-08-02T01:26:35.125341+00:00
491,Sofia Pereira,sofia.pereira491@example.com,Portugal,Lisbon,2025-09-14T06:02:28.125359+00:00
492,Amelia Taylor,amelia.taylor492@example.com,United Kingdom,London,2025-08-14T15:13:03.125381+00:00
493,Emma Smith,emma.smith493@example.com,United States,New York,2025-07-26T00:42:37.125399+00:00
494,Ana Silva,ana.silva494@example.com,Brazil,São Paulo,2025-05-23T13:16:19.125420+00:00
495,Felix Meyer,felix.meyer495@example.com,Germany,Berlin,2025-05-31T00:14:14.125439+00:00
496,Emma Johnson,emma.johnson496@example.com,United States,New York,2025-09-21T12:13:26.125458+00:00
497,Emma Taylor,emma.taylor497@example.com,United States,New York,2025-07-17T14:00:00.125477+00:00
498,Luca Rossi,luca.rossi498@example.com,Italy,Milan,2025-12-02T12:31:28.125496+00:00
499,Michael Taylor,michael.taylor499@example.com,United States,New York,2025-11-06T14:07:13.125520+00:00
500,Amelia Jones,amelia.jones500@example.com,United Kingdom,London,2025-08-18T14:28:47.125540+00:00
501,Rafael Oliveira,rafael.oliveira501@example.com,Portugal,Lisbon,2025-02-12T07:06:27.125559+00:00
502,Sakura Sato,sakura.sato502@example.com,Japan,Tokyo,2025-04-09T00:38:43.125579+00:00
503,Vikram Gupta,vikram.gupta503@example.com,India,Bengaluru,2025-07-16T02:08:47.125598+00:00
504,Ava Taylor,ava.taylor504@example.com,United Kingdom,London,2025-12-22T08:56:12.125618+00:00
505,Gabriel Costa,gabriel.costa505@example.com,Brazil,São Paulo,2025-08-05T18:20:15.125637+00:00
506,Rahul Sharma,rahul.sharma506@example.com,India,Bengaluru,2025-09-13T05:34:02.125656+00:00
507,Ava Smith,ava.smith507@example.com,United Kingdom,London,2025-12-07T05:50:48.125675+00:00
508,Giulia Romano,giulia.romano508@example.com,Italy,Milan,2025-09-12T19:41:33.125694+00:00
509,Milan de Jong,milan.de.jong509@example.com,Netherlands,Amsterdam,2025-03-27T03:26:36.125713+00:00
510,João Pereira,joao.pereira510@example.com,Portugal,Lisbon,2025-05-27T07:38:47.125733+00:00
511,Jack Brown,jack.brown511@example.com,United Kingdom,London,2025-04-27T03:24:25.125755+00:00
512,Priya Kumar,priya.kumar512@example.com,India,Bengaluru,2025-02-28T23:52:31.125774+00:00
513,Mia Schmidt,mia.schmidt513@example.com,Germany,Berlin,2025-02-27T06:00:00.125794+00:00
514,Beatriz Oliveira,beatriz.oliveira514@example.com,Brazil,São Paulo,2025-07-14T22:07:06.125813+00:00
515,Michael Davis,michael.davis515@example.com,United States,New York,2025-05-26T04:51:15.125832+00:00
516,Isla Jones,isla.jones516@example.com,United Kingdom,London,2025-04-14T23:59:33.125851+00:00
517,Sophie Smit,sophie.smit517@example.com,Netherlands,Amsterdam,2025-05-14T01:15:45.125871+00:00
518,Milan de Jong,milan.de.jong518@example.com,Netherlands,Amsterdam,2025-09-14T16:44:42.125890+00:00
519,Jack Wilson,jack.wilson519@example.com,United Kingdom,London,2025-04-25T07:49:03.125909+00:00
520,Emily Brown,emily.brown520@example.com,United States,New York,2025-08-18T21:15:02.125927+00:00
521,Emma Davis,emma.davis521@example.com,United States,New York,2025-09-26T07:51:15.125945+00:00
522,Louis Dubois,louis.dubois522@example.com,France,Paris,2025-12-15T13:30:43.125965+00:00
523,Harry Wilson,harry.wilson523@example.com,United Kingdom,London,2026-01-20T02:33:45.125984+00:00
524,Felix Weber,felix.weber524@example.com,Germany,Berlin,2025-11-12T03:37:17.126003+00:00
525,Rahul Kumar,rahul.kumar525@example.com,India,Bengaluru,2025-04-17T21:50:00.126022+00:00
526,Olivia Taylor,olivia.taylor526@example.com,United States,New York,2025-10-02T05:01:43.126041+00:00
527,Gabriel Pereira,gabriel.pereira527@example.com,Brazil,São Paulo,2025-07-15T02:13:35.126061+00:00
528,Hugo Andersson,hugo.andersson528@example.com,Sweden,Stockholm,2025-08-17T04:55:38.126080+00:00
529,David Davis,david.davis529@example.com,United States,New York,2025-11-26T17:54:17.126098+00:00
530,Ava Brown,ava.brown530@example.com,United Kingdom,London,2025-04-17T16:23:21.126119+00:00
531,Emily Miller,emily.miller531@example.com,United States,New York,2025-07-29T13:31:07.126142+00:00
532,Mia Fischer,mia.fischer532@example.com,Germany,Berlin,2025-04-29T14:41:01.126171+00:00
533,Mei Yang,mei.yang533@example.com,China,Shanghai,2025-02-11T04:19:28.126195+00:00
534,David Taylor,david.taylor534@example.com,United States,New York,2026-01-26T11:07:44.126221+00:00
535,Sota Ito,sota.ito535@example.com,Japan,Tokyo,2025-07-14T18:50:07.126268+00:00
536,Laura Schmidt,laura.schmidt536@example.com,Germany,Berlin,2025-07-02T16:16:16.126294+00:00
537,Emma Smith,emma.smith537@example.com,United States,New York,2026-01-01T12:36:07.126316+00:00
538,Leon Fischer,leon.fischer538@example.com,Germany,Berlin,2025-12-12T06:15:42.126338+00:00
539,Jan Kowalski,jan.kowalski539@example.com,Poland,Warsaw,2025-09-13T10:35:59.126383+00:00
540,George Taylor,george.taylor540@example.com,United Kingdom,London,2025-11-13T23:00:32.126406+00:00
541,Chloé Laurent,chloe.laurent541@example.com,France,Paris,2025-05-13T21:34:03.126442+00:00
542,Olivia Miller,olivia.miller542@example.com,United States,New York,2025-08-14T23:02:51.126464+00:00
543,David Brown,david.brown543@example.com,United States,New York,2025-05-16T12:58:31.126485+00:00
544,Felix Schmidt,felix.schmidt544@example.com,Germany,Berlin,2025-11-14T19:21:11.126507+00:00
545,Sophie de Jong,sophie.de.jong545@example.com,Netherlands,Amsterdam,2025-06-16T02:04:23.126529+00:00
546,Vikram Mehta,vikram.mehta546@example.com,India,Bengaluru,2025-10-08T08:02:24.126551+00:00
547,Mia Davies,mia.davies547@example.com,United Kingdom,London,2025-07-05T22:03:57.126573+00:00
548,Lena Meyer,lena.meyer548@example.com,Germany,Berlin,2025-10-27T21:29:03.126594+00:00
549,Sneha Patel,sneha.patel549@example.com,India,Bengaluru,2025-06-18T08:50:23.126617+00:00
550,Paul Meyer,paul.meyer550@example.com,Germany,Berlin,2025-10-29T06:54:42.126641+00:00
551,Harry Davies,harry.davies551@example.com,United Kingdom,London,2025-12-23T17:45:08.126663+00:00
552,Piotr Nowak,piotr.nowak552@example.com,Poland,Warsaw,2026-01-22T10:04:54.126684+00:00
553,Ella Karlsson,ella.karlsson553@example.com,Sweden,Stockholm,2025-02-19T13:12:10.126706+00:00
554,Manon Simon,manon.simon554@example.com,France,Paris,2025-04-19T16:22:49.126727+00:00
555,Felix Weber,felix.weber555@example.com,Germany,Berlin,2026-01-28T07:09:17.126749+00:00
556,Inês Pereira,ines.pereira556@example.com,Portugal,Lisbon,2025-05-07T22:51:42.126771+00:00
557,Carmen López,carmen.lopez557@example.com,Spain,Madrid,2025-03-29T21:07:07.126794+00:00
558,Oliver Taylor,oliver.taylor558@example.com,United Kingdom,London,2025-08-20T04:55:24.126816+00:00
559,Emily Brown,emily.brown559@example.com,United States,New York,2025-04-06T22:05:06.126837+00:00
560,Francesca Russo,francesca.russo560@example.com,Italy,Milan,2025-09-11T19:34:28.126866+00:00
561,Lucas Moreau,lucas.moreau561@example.com,France,Paris,2025-02-12T13:42:58.126885+00:00
562,Emily Smith,emily.smith562@example.com,United States,New York,2025-03-03T12:07:51.126903+00:00
563,Sophia Smith,sophia.smith563@example.com,United States,New York,2025-05-15T19:39:32.126925+00:00
564,Wei Li,wei.li564@example.com,China,Shanghai,2025-08-13T21:54:21.126944+00:00
565,Ren Yamamoto,ren.yamamoto565@example.com,Japan,Tokyo,2025-11-22T01:12:46.126963+00:00
566,Agnieszka Kamiński,agnieszka.kaminski566@example.com,Poland,Warsaw,2025-05-20T05:48:48.126985+00:00
567,Alva Larsson,alva.larsson567@example.com,Sweden,Stockholm,2025-06-18T16:36:38.127004+00:00
568,George Brown,george.brown568@example.com,United Kingdom,London,2025-07-29T13:58:39.127023+00:00
569,Wei Wang,wei.wang569@example.com,China,Shanghai,2026-01-29T10:32:43.127043+00:00
570,Javier García,javier.garcia570@example.com,Spain,Madrid,2025-08-17T12:58:20.127065+00:00
571,Sofia Pereira,sofia.pereira571@example.com,Portugal,Lisbon,2025-08-11T10:55:04.127084+00:00
572,Sara Bianchi,sara.bianchi572@example.com,Italy,Milan,2025-01-31T17:20:14.127103+00:00
573,Haruto Tanaka,haruto.tanaka573@example.com,Japan,Tokyo,2025-04-16T04:29:41.127123+00:00
574,Lena Müller,lena.muller574@example.com,Germany,Berlin,2025-12-13T17:42:34.127146+00:00
575,Louis Laurent,louis.laurent575@example.com,France,Paris,2025-10-10T04:39:10.127165+00:00
576,Jack Jones,jack.jones576@example.com,United Kingdom,London,2025-06-19T09:23:12.127184+00:00
577,David Smith,david.smith577@example.com,United States,New York,2026-01-06T05:11:10.127202+00:00
578,Anna Nowak,anna.nowak578@example.com,Poland,Warsaw,2025-06-10T09:05:21.127219+00:00
579,Gabriel Costa,gabriel.costa579@example.com,Brazil,São Paulo,2025-10-23T17:17:18.127290+00:00
580,Pierre Laurent,pierre.laurent580@example.com,France,Paris,2025-10-27T16:42:14.127345+00:00
581,Olivia Taylor,olivia.taylor581@example.com,United States,New York,2025-10-05T06:34:15.127363+00:00
582,Sota Tanaka,sota.tanaka582@example.com,Japan,Tokyo,2026-01-25T13:03:53.127378+00:00
583,María López,maria.lopez583@example.com,Spain,Madrid,2025-06-13T06:14:06.127395+00:00
584,Hao Wang,hao.wang584@example.com,China,Shanghai,2025-07-11T22:44:54.127420+00:00
585,Laura Schmidt,laura.schmidt585@example.com,Germany,Berlin,2025-12-21T21:23:15.127434+00:00
586,Rahul Gupta,rahul.gupta586@example.com,India,Bengaluru,2025-02-10T06:36:19.127446+00:00
587,João Ferreira,joao.ferreira587@example.com,Portugal,Lisbon,2025-05-01T22:54:25.127460+00:00
588,Jun Liu,jun.liu588@example.com,China,Shanghai,2025-03-18T15:51:47.127473+00:00
589,Luca Ferrari,luca.ferrari589@example.com,Italy,Milan,2025-10-11T01:42:46.127489+00:00
590,Camille Moreau,camille.moreau590@example.com,France,Paris,2025-04-21T06:36:32.127501+00:00
591,Fang Zhang,fang.zhang591@example.com,China,Shanghai,2025-09-22T23:39:24.127514+00:00
592,Wei Liu,wei.liu592@example.com,China,Shanghai,2025-02-27T22:11:56.127544+00:00
593,Ana Santos,ana.santos593@example.com,Portugal,Lisbon,2025-11-27T19:40:58.127557+00:00
594,Aoi Tanaka,aoi.tanaka594@example.com,Japan,Tokyo,2025-11-23T16:19:54.127572+00:00
595,Arjun Gupta,arjun.gupta595@example.com,India,Bengaluru,2025-06-18T17:26:17.127586+00:00
596,Mia Taylor,mia.taylor596@example.com,United Kingdom,London,2026-01-06T15:53:27.127598+00:00
597,Ling Li,ling.li597@example.com,China,Shanghai,2025-04-10T04:16:05.127611+00:00
598,George Brown,george.brown598@example.com,United Kingdom,London,2025-05-05T21:17:04.127624+00:00
599,Emma Taylor,emma.taylor599@example.com,United States,New York,2025-10-25T06:51:37.127636+00:00
600,Liam Johansson,liam.johansson600@example.com,Sweden,Stockholm,2025-07-29T04:58:00.127649+00:00
601,Francesca Rossi,francesca.rossi601@example.com,Italy,Milan,2025-10-25T02:28:15.127662+00:00
602,Jules Roux,jules.roux602@example.com,France,Paris,2025-05-25T12:05:45.127675+00:00
603,Laura Schneider,laura.schneider603@example.com,Germany,Berlin,2025-12-07T05:02:13.127687+00:00
604,Emma Laurent,emma.laurent604@example.com,France,Paris,2025-10-25T03:27:39.127700+00:00
605,Gabriel Souza,gabriel.souza605@example.com,Brazil,São Paulo,2025-11-08T06:46:35.127713+00:00
606,Jules Dubois,jules.dubois606@example.com,France,Paris,2025-02-19T09:45:38.127725+00:00
607,Li Liu,li.liu607@example.com,China,Shanghai,2025-11-10T08:11:55.127738+00:00
608,Mia Fischer,mia.fischer608@example.com,Germany,Berlin,2025-12-18T11:15:47.127750+00:00
609,Michał Kamiński,micha.kaminski609@example.com,Poland,Warsaw,2025-12-20T04:14:58.127767+00:00
610,Beatriz Silva,beatriz.silva610@example.com,Brazil,São Paulo,2025-03-14T00:14:20.127780+00:00
611,Amelia Wilson,amelia.wilson611@example.com,United Kingdom,London,2025-02-03T13:21:31.127793+00:00
612,Felix Müller,felix.muller612@example.com,Germany,Berlin,2025-11-14T13:18:55.127817+00:00
613,Emily Taylor,emily.taylor613@example.com,United States,New York,2025-05-05T11:37:48.127830+00:00
614,Emma Bakker,emma.bakker614@example.com,Netherlands,Amsterdam,2025-06-10T03:35:59.127842+00:00
615,Luca Romano,luca.romano615@example.com,Italy,Milan,2025-03-19T11:12:27.127854+00:00
616,Neha Mehta,neha.mehta616@example.com,India,Bengaluru,2026-01-08T23:48:46.127867+00:00
617,James Smith,james.smith617@example.com,United States,New York,2025-04-16T15:28:45.127879+00:00
618,Lucía Fernández,lucia.fernandez618@example.com,Spain,Madrid,2025-02-17T05:00:02.127892+00:00
619,Sophia Smith,sophia.smith619@example.com,United States,New York,2025-11-29T15:21:05.127905+00:00
620,Lucas Silva,lucas.silva620@example.com,Brazil,São Paulo,2025-06-01T17:45:08.127917+00:00
621,Chiara Ferrari,chiara.ferrari621@example.com,Italy,Milan,2026-01-14T03:26:04.127929+00:00
622,Neha Sharma,neha.sharma622@example.com,India,Bengaluru,2025-09-08T08:21:41.127942+00:00
623,Pierre Lefèvre,pierre.lefevre623@example.com,France,Paris,2025-04-05T23:49:13.127955+00:00
624,Louis Roux,louis.roux624@example.com,France,Paris,2025-07-24T07:40:23.127967+00:00
625,Erik Larsson,erik.larsson625@example.com,Sweden,Stockholm,2025-11-18T06:49:41.127980+00:00
626,Yuto Watanabe,yuto.watanabe626@example.com,Japan,Tokyo,2025-07-03T15:11:39.127995+00:00
627,Manon Lefèvre,manon.lefevre627@example.com,France,Paris,2025-04-24T08:31:22.128008+00:00
628,Piotr Kamiński,piotr.kaminski628@example.com,Poland,Warsaw,2026-01-15T03:16:28.128023+00:00
629,Daniel Miller,daniel.miller629@example.com,United States,New York,2025-02-12T01:09:37.128036+00:00
630,Paul Schneider,paul.schneider630@example.com,Germany,Berlin,2025-09-09T12:14:09.128049+00:00
631,Piotr Nowak,piotr.nowak631@example.com,Poland,Warsaw,2025-10-08T21:26:28.128061+00:00
632,Isla Taylor,isla.taylor632@example.com,United Kingdom,London,2026-01-09T10:44:28.128073+00:00
633,Daniel Miller,daniel.miller633@example.com,United States,New York,2025-07-21T20:56:52.128085+00:00
634,Oliver Wilson,oliver.wilson634@example.com,United Kingdom,London,2025-04-05T17:02:00.128097+00:00
635,Ming Li,ming.li635@example.com,China,Shanghai,2025-03-20T13:59:09.128112+00:00
636,Lena Schneider,lena.schneider636@example.com,Germany,Berlin,2025-09-21T02:53:17.128125+00:00
637,Piotr Wójcik,piotr.wojcik637@example.com,Poland,Warsaw,2025-07-26T11:04:17.128137+00:00
638,Neha Singh,neha.singh638@example.com,India,Bengaluru,2025-02-17T16:26:14.128150+00:00
639,Mia Smith,mia.smith639@example.com,United Kingdom,London,2025-09-24T22:54:46.128162+00:00
640,Ananya Sharma,ananya.sharma640@example.com,India,Bengaluru,2025-10-08T02:10:36.128175+00:00
641,Rafael Santos,rafael.santos641@example.com,Portugal,Lisbon,2025-08-11T02:46:43.128187+00:00
642,Erik Persson,erik.persson642@example.com,Sweden,Stockholm,2025-03-08T12:06:15.128200+00:00
643,Ming Li,ming.li643@example.com,China,Shanghai,2025-10-16T11:32:44.128212+00:00
644,Daniel Brown,daniel.brown644@example.com,United States,New York,2025-12-02T00:32:59.128234+00:00
645,Ling Wang,ling.wang645@example.com,China,Shanghai,2025-07-29T09:18:26.128247+00:00
646,Lucía García,lucia.garcia646@example.com,Spain,Madrid,2025-04-24T14:06:50.128260+00:00
647,Marco Rossi,marco.rossi647@example.com,Italy,Milan,2025-12-05T00:24:39.128273+00:00
648,Jack Wilson,jack.wilson648@example.com,United Kingdom,London,2025-10-03T00:40:42.128287+00:00
649,Emma Johnson,emma.johnson649@example.com,United States,New York,2025-11-08T08:15:41.128301+00:00
650,Daan Bakker,daan.bakker650@example.com,Netherlands,Amsterdam,2025-07-13T11:18:31.128313+00:00
651,Katarzyna Nowak,katarzyna.nowak651@example.com,Poland,Warsaw,2025-11-30T18:19:51.128326+00:00
652,Priya Singh,priya.singh652@example.com,India,Bengaluru,2025-03-23T11:53:08.128338+00:00
653,Lena Schneider,lena.schneider653@example.com,Germany,Berlin,2026-01-20T07:42:47.128352+00:00
654,Pedro Oliveira,pedro.oliveira654@example.com,Brazil,São Paulo,2025-11-12T05:03:20.128364+00:00
655,Manon Moreau,manon.moreau655@example.com,France,Paris,2025-05-02T07:56:45.128376+00:00
656,Amelia Davies,amelia.davies656@example.com,United Kingdom,London,2025-11-05T18:08:09.128389+00:00
657,James Davis,james.davis657@example.com,United States,New York,2025-11-19T11:26:30.128403+00:00
658,Olivia Davis,olivia.davis658@example.com,United States,New York,2025-09-01T07:19:23.128414+00:00
659,Mei Yang,mei.yang659@example.com,China,Shanghai,2026-01-06T00:05:55.128427+00:00
660,Lucas Moreau,lucas.moreau660@example.com,France,Paris,2025-03-13T13:00:30.128439+00:00
661,Emma Smith,emma.smith661@example.com,United States,New York,2025-03-12T01:51:02.128451+00:00
662,Sota Watanabe,sota.watanabe662@example.com,Japan,Tokyo,2025-02-06T17:39:09.128463+00:00
663,Emma Johnson,emma.johnson663@example.com,United States,New York,2025-12-06T01:14:02.128476+00:00
664,Mia Smith,mia.smith664@example.com,United Kingdom,London,2025-06-11T15:05:29.128488+00:00
665,Paul Weber,paul.weber665@example.com,Germany,Berlin,2025-07-07T16:25:45.128500+00:00
666,Miguel Ferreira,miguel.ferreira666@example.com,Portugal,Lisbon,2025-11-06T17:18:55.128512+00:00
667,Camille Dubois,camille.dubois667@example.com,France,Paris,2025-06-10T00:39:01.128526+00:00
668,Mia Brown,mia.brown668@example.com,United Kingdom,London,2025-08-30T09:58:26.128538+00:00
669,Jules Laurent,jules.laurent669@example.com,France,Paris,2025-04-18T15:15:10.128550+00:00
670,Ana Souza,ana.souza670@example.com,Brazil,São Paulo,2025-09-10T09:56:12.128562+00:00
671,Milan Smit,milan.smit671@example.com,Netherlands,Amsterdam,2025-06-25T03:43:05.128574+00:00
672,Jules Roux,jules.roux672@example.com,France,Paris,2025-05-01T21:53:14.128587+00:00
673,Ling Li,ling.li673@example.com,China,Shanghai,2025-04-20T12:12:51.128599+00:00
674,George Jones,george.jones674@example.com,United Kingdom,London,2025-03-11T08:50:15.128611+00:00
675,Sara Rossi,sara.rossi675@example.com,Italy,Milan,2025-04-02T17:39:46.128623+00:00
676,Olivia Brown,olivia.brown676@example.com,United States,New York,2025-08-03T22:41:02.128635+00:00
677,David Johnson,david.johnson677@example.com,United States,New York,2026-01-22T14:35:31.128647+00:00
678,Fang Zhang,fang.zhang678@example.com,China,Shanghai,2025-11-28T23:52:17.128659+00:00
679,Arjun Singh,arjun.singh679@example.com,India,Bengaluru,2025-10-10T08:04:59.128673+00:00
680,Katarzyna Kamiński,katarzyna.kaminski680@example.com,Poland,Warsaw,2026-01-23T07:18:21.128687+00:00
681,Emily Miller,emily.miller681@example.com,United States,New York,2025-07-29T22:18:12.128699+00:00
682,Emma Smith,emma.smith682@example.com,United States,New York,2025-09-05T06:03:05.128711+00:00
683,Marco Rossi,marco.rossi683@example.com,Italy,Milan,2025-09-26T06:48:14.128723+00:00
684,Sara Russo,sara.russo684@example.com,Italy,Milan,2025-02-06T05:54:25.128735+00:00
685,Francesca Russo,francesca.russo685@example.com,Italy,Milan,2026-01-05T01:04:02.128747+00:00
686,Emma de Jong,emma.de.jong686@example.com,Netherlands,Amsterdam,2025-05-01T21:40:54.128760+00:00
687,Sophia Miller,sophia.miller687@example.com,United States,New York,2025-08-17T00:43:46.128775+00:00
688,Wei Yang,wei.yang688@example.com,China,Shanghai,2025-12-20T15:37:23.128787+00:00
689,Harry Smith,harry.smith689@example.com,United Kingdom,London,2025-07-08T17:46:15.128799+00:00
690,Luca Rossi,luca.rossi690@example.com,Italy,Milan,2025-02-10T18:42:35.128811+00:00
691,Oliver Jones,oliver.jones691@example.com,United Kingdom,London,2025-04-02T15:15:55.128825+00:00
692,Ananya Patel,ananya.patel692@example.com,India,Bengaluru,2026-01-03T19:03:29.128838+00:00
693,Lena Weber,lena.weber693@example.com,Germany,Berlin,2025-11-21T01:41:28.128850+00:00
694,Vikram Patel,vikram.patel694@example.com,India,Bengaluru,2025-08-26T11:24:31.128863+00:00
695,Isla Smith,isla.smith695@example.com,United Kingdom,London,2025-09-29T13:41:12.128875+00:00
696,Anna Kamiński,anna.kaminski696@example.com,Poland,Warsaw,2025-03-13T19:00:27.128888+00:00
697,Jules Laurent,jules.laurent697@example.com,France,Paris,2025-05-17T18:21:25.128900+00:00
698,Amelia Davies,amelia.davies698@example.com,United Kingdom,London,2025-07-07T18:03:59.128913+00:00
699,Katarzyna Kowalski,katarzyna.kowalski699@example.com,Poland,Warsaw,2025-04-23T11:19:46.128925+00:00
700,Mia Brown,mia.brown700@example.com,United Kingdom,London,2025-12-27T22:08:09.128937+00:00
701,Ella Andersson,ella.andersson701@example.com,Sweden,Stockholm,2025-12-22T17:56:56.128950+00:00
702,David Davis,david.davis702@example.com,United States,New York,2025-08-22T21:04:57.128962+00:00
703,Emma de Vries,emma.de.vries703@example.com,Netherlands,Amsterdam,2025-09-10T22:31:47.128974+00:00
704,Yuto Yamamoto,yuto.yamamoto704@example.com,Japan,Tokyo,2025-07-23T06:48:39.128986+00:00
705,Yuto Yamamoto,yuto.yamamoto705@example.com,Japan,Tokyo,2025-08-02T08:52:37.128999+00:00
706,Emma de Jong,emma.de.jong706@example.com,Netherlands,Amsterdam,2025-04-05T03:48:47.129014+00:00
707,George Jones,george.jones707@example.com,United Kingdom,London,2025-04-02T00:32:42.129026+00:00
708,Ananya Singh,ananya.singh708@example.com,India,Bengaluru,2025-08-09T19:21:41.129039+00:00
709,Jun Wang,jun.wang709@example.com,China,Shanghai,2025-07-22T20:33:24.129051+00:00
710,Camille Simon,camille.simon710@example.com,France,Paris,2025-08-15T14:22:05.129063+00:00
711,Lars Smit,lars.smit711@example.com,Netherlands,Amsterdam,2025-08-07T00:28:34.129076+00:00
712,Jun Li,jun.li712@example.com,China,Shanghai,2025-03-11T22:37:22.129088+00:00
713,Sota Ito,sota.ito713@example.com,Japan,Tokyo,2025-05-20T08:16:40.129100+00:00
714,Arjun Sharma,arjun.sharma714@example.com,India,Bengaluru,2025-03-12T20:42:22.129113+00:00
715,Sophia Davis,sophia.davis715@example.com,United States,New York,2025-03-21T10:30:19.129125+00:00
716,Javier Fernández,javier.fernandez716@example.com,Spain,Madrid,2025-05-21T12:56:24.129138+00:00
717,Laura Schmidt,laura.schmidt717@example.com,Germany,Berlin,2025-10-11T23:34:41.129150+00:00
718,Ming Li,ming.li718@example.com,China,Shanghai,2025-08-02T23:48:33.129162+00:00
719,Marco Bianchi,marco.bianchi719@example.com,Italy,Milan,2025-10-15T20:28:49.129174+00:00
720,Haruto Tanaka,haruto.tanaka720@example.com,Japan,Tokyo,2025-09-10T14:05:39.129186+00:00
721,Fang Li,fang.li721@example.com,China,Shanghai,2025-06-19T07:05:27.129198+00:00
722,Lena Fischer,lena.fischer722@example.com,Germany,Berlin,2025-08-01T22:59:38.129210+00:00
723,James Davis,james.davis723@example.com,United States,New York,2025-04-24T07:43:51.129222+00:00
724,Jules Dubois,jules.dubois724@example.com,France,Paris,2025-08-05T17:52:22.129240+00:00
725,Li Chen,li.chen725@example.com,China,Shanghai,2026-01-16T20:20:53.129252+00:00
726,Arjun Patel,arjun.patel726@example.com,India,Bengaluru,2025-06-01T19:11:01.129267+00:00
727,Anna Fischer,anna.fischer727@example.com,Germany,Berlin,2025-05-22T22:59:16.129279+00:00
728,Mei Li,mei.li728@example.com,China,Shanghai,2025-08-09T23:01:54.129291+00:00
729,Piotr Kowalski,piotr.kowalski729@example.com,Poland,Warsaw,2025-04-07T04:44:24.129305+00:00
730,Yuto Suzuki,yuto.suzuki730@example.com,Japan,Tokyo,2025-02-19T05:58:37.129317+00:00
731,Jack Brown,jack.brown731@example.com,United Kingdom,London,2025-04-17T07:19:19.129330+00:00
732,Michael Smith,michael.smith732@example.com,United States,New York,2025-06-02T04:21:56.129344+00:00
733,James Brown,james.brown733@example.com,United States,New York,2025-03-28T08:44:37.129356+00:00
734,Sakura Tanaka,sakura.tanaka734@example.com,Japan,Tokyo,2025-05-30T16:06:44.129368+00:00
735,Bram de Vries,bram.de.vries735@example.com,Netherlands,Amsterdam,2025-07-25T13:14:42.129381+00:00
736,Jules Lefèvre,jules.lefevre736@example.com,France,Paris,2025-07-08T02:43:16.129394+00:00
737,Ananya Mehta,ananya.mehta737@example.com,India,Bengaluru,2025-11-18T04:21:22.129406+00:00
738,Sophia Taylor,sophia.taylor738@example.com,United States,New York,2025-06-24T20:45:49.129418+00:00
739,Alva Persson,alva.persson739@example.com,Sweden,Stockholm,2025-12-04T03:47:16.129433+00:00
740,Carmen García,carmen.garcia740@example.com,Spain,Madrid,2025-10-06T00:21:52.129447+00:00
741,Mia Schmidt,mia.schmidt741@example.com,Germany,Berlin,2025-05-23T02:05:17.129459+00:00
742,Daniel Smith,daniel.smith742@example.com,United States,New York,2025-10-02T17:23:11.129471+00:00
743,Emma Moreau,emma.moreau743@example.com,France,Paris,2025-03-08T23:07:44.129483+00:00
744,Pablo López,pablo.lopez744@example.com,Spain,Madrid,2025-10-09T04:58:50.129496+00:00
745,Pierre Simon,pierre.simon745@example.com,France,Paris,2025-12-16T16:08:12.129510+00:00
746,Ananya Patel,ananya.patel746@example.com,India,Bengaluru,2025-10-22T14:52:03.129522+00:00
747,Sophia Johnson,sophia.johnson747@example.com,United States,New York,2025-07-04T22:17:11.129534+00:00
748,Amelia Jones,amelia.jones748@example.com,United Kingdom,London,2025-09-14T20:14:09.129551+00:00
749,Marco Russo,marco.russo749@example.com,Italy,Milan,2025-09-05T07:33:11.129566+00:00
750,Olivia Davis,olivia.davis750@example.com,United States,New York,2025-03-27T15:14:47.129582+00:00
751,Michael Smith,michael.smith751@example.com,United States,New York,2025-11-05T14:24:28.129597+00:00
752,Pablo Martínez,pablo.martinez752@example.com,Spain,Madrid,2025-07-24T10:48:38.129615+00:00
753,Leon Weber,leon.weber753@example.com,Germany,Berlin,2025-12-14T06:17:01.129636+00:00
754,Sneha Singh,sneha.singh754@example.com,India,Bengaluru,2025-07-18T04:24:07.129653+00:00
755,David Taylor,david.taylor755@example.com,United States,New York,2026-01-29T15:28:04.129669+00:00
756,Tiago Santos,tiago.santos756@example.com,Portugal,Lisbon,2025-02-14T12:43:09.129685+00:00
757,Emma Davis,emma.davis757@example.com,United States,New York,2025-05-12T23:16:10.129702+00:00
758,Yui Tanaka,yui.tanaka758@example.com,Japan,Tokyo,2025-11-09T02:54:56.129719+00:00
759,Agnieszka Kowalski,agnieszka.kowalski759@example.com,Poland,Warsaw,2025-07-26T11:00:38.129736+00:00
760,Daniel Brown,daniel.brown760@example.com,United States,New York,2025-02-14T18:29:12.129756+00:00
761,Francesca Russo,francesca.russo761@example.com,Italy,Milan,2025-12-11T01:53:56.129779+00:00
762,Paul Meyer,paul.meyer762@example.com,Germany,Berlin,2025-04-01T05:33:49.129800+00:00
763,Mei Chen,mei.chen763@example.com,China,Shanghai,2025-04-29T00:39:21.129821+00:00
764,Sophia Taylor,sophia.taylor764@example.com,United States,New York,2025-08-27T05:14:41.129844+00:00
765,Sofía García,sofia.garcia765@example.com,Spain,Madrid,2025-04-20T10:14:18.129877+00:00
766,Pierre Moreau,pierre.moreau766@example.com,France,Paris,2025-03-01T17:47:10.129898+00:00
767,Emma Johnson,emma.johnson767@example.com,United States,New York,2025-06-12T09:14:36.129917+00:00
768,Aoi Sato,aoi.sato768@example.com,Japan,Tokyo,2025-05-20T10:35:26.129939+00:00
769,Daan de Jong,daan.de.jong769@example.com,Netherlands,Amsterdam,2025-03-30T19:02:57.129960+00:00
770,Jack Davies,jack.davies770@example.com,United Kingdom,London,2025-03-29T02:21:12.129980+00:00
771,Isla Taylor,isla.taylor771@example.com,United Kingdom,London,2025-04-13T08:43:45.130000+00:00
772,Jan Nowak,jan.nowak772@example.com,Poland,Warsaw,2025-02-16T18:27:09.130019+00:00
773,Miguel Pérez,miguel.perez773@example.com,Spain,Madrid,2025-04-10T05:26:54.130040+00:00
774,Sophia Brown,sophia.brown774@example.com,United States,New York,2025-02-18T06:31:24.130060+00:00
775,Piotr Kamiński,piotr.kaminski775@example.com,Poland,Warsaw,2025-04-26T08:19:32.130081+00:00
776,Haruto Sato,haruto.sato776@example.com,Japan,Tokyo,2025-07-15T14:46:02.130101+00:00
777,Gabriel Souza,gabriel.souza777@example.com,Brazil,São Paulo,2025-12-08T15:47:36.130121+00:00
778,Maja Larsson,maja.larsson778@example.com,Sweden,Stockholm,2025-03-02T15:10:30.130142+00:00
779,Rahul Sharma,rahul.sharma779@example.com,India,Bengaluru,2025-10-16T22:27:55.130163+00:00
780,Emma Smith,emma.smith780@example.com,United States,New York,2025-09-11T08:46:18.130183+00:00
781,Marco Bianchi,marco.bianchi781@example.com,Italy,Milan,2025-10-30T01:47:01.130203+00:00
782,Lucas Costa,lucas.costa782@example.com,Brazil,São Paulo,2025-05-17T08:00:40.130223+00:00
783,Agnieszka Kowalski,agnieszka.kowalski783@example.com,Poland,Warsaw,2025-06-26T03:39:50.130251+00:00
784,Neha Patel,neha.patel784@example.com,India,Bengaluru,2025-04-06T00:58:46.130275+00:00
785,Anna Wójcik,anna.wojcik785@example.com,Poland,Warsaw,2025-06-26T01:13:41.130298+00:00
786,Amit Sharma,amit.sharma786@example.com,India,Bengaluru,2025-12-22T16:40:40.130318+00:00
787,Jan Kowalski,jan.kowalski787@example.com,Poland,Warsaw,2025-07-20T07:21:14.130339+00:00
788,Emily Davis,emily.davis788@example.com,United States,New York,2025-08-23T20:05:42.130358+00:00
789,Yuto Suzuki,yuto.suzuki789@example.com,Japan,Tokyo,2026-01-26T04:14:01.130380+00:00
790,Chloé Lefèvre,chloe.lefevre790@example.com,France,Paris,2025-11-06T11:16:46.130401+00:00
791,Giulia Bianchi,giulia.bianchi791@example.com,Italy,Milan,2025-08-07T17:25:51.130421+00:00
792,Miguel Fernández,miguel.fernandez792@example.com,Spain,Madrid,2025-10-18T03:07:41.130444+00:00
793,Emma Taylor,emma.taylor793@example.com,United States,New York,2025-07-29T07:05:32.130464+00:00
794,Ana Pereira,ana.pereira794@example.com,Portugal,Lisbon,2025-11-18T15:01:20.130484+00:00
795,Pierre Dubois,pierre.dubois795@example.com,France,Paris,2025-03-06T11:07:51.130504+00:00
796,Wei Chen,wei.chen796@example.com,China,Shanghai,2025-04-29T09:46:47.130525+00:00
797,George Smith,george.smith797@example.com,United Kingdom,London,2025-04-10T09:27:48.130545+00:00
798,Amit Singh,amit.singh798@example.com,India,Bengaluru,2025-02-02T22:28:29.130565+00:00
799,Mariana Costa,mariana.costa799@example.com,Brazil,São Paulo,2026-01-10T09:39:33.130585+00:00
800,Priya Kumar,priya.kumar800@example.com,India,Bengaluru,2025-07-01T14:55:21.130606+00:00
801,Laura Fischer,laura.fischer801@example.com,Germany,Berlin,2025-09-09T22:13:18.130626+00:00
802,Javier López,javier.lopez802@example.com,Spain,Madrid,2025-08-02T00:34:15.130647+00:00
803,Laura Meyer,laura.meyer803@example.com,Germany,Berlin,2025-10-07T10:43:08.130667+00:00
804,Alessandro Ferrari,alessandro.ferrari804@example.com,Italy,Milan,2026-01-15T22:29:29.130692+00:00
805,Julia de Vries,julia.de.vries805@example.com,Netherlands,Amsterdam,2025-03-24T01:28:00.130713+00:00
806,Amelia Brown,amelia.brown806@example.com,United Kingdom,London,2025-04-03T11:33:34.130733+00:00
807,Emma Johnson,emma.johnson807@example.com,United States,New York,2025-03-23T09:54:16.130753+00:00
808,Mariana Pereira,mariana.pereira808@example.com,Brazil,São Paulo,2025-04-27T22:33:20.130773+00:00
809,Jun Chen,jun.chen809@example.com,China,Shanghai,2025-09-17T05:41:01.130793+00:00
810,Rafael Pereira,rafael.pereira810@example.com,Brazil,São Paulo,2025-04-21T13:22:59.130814+00:00
811,Amelia Taylor,amelia.taylor811@example.com,United Kingdom,London,2025-09-25T07:36:29.130834+00:00
812,Pierre Laurent,pierre.laurent812@example.com,France,Paris,2025-02-21T23:39:33.130854+00:00
813,Sophia Davis,sophia.davis813@example.com,United States,New York,2025-10-09T19:53:23.130873+00:00
814,Ava Davies,ava.davies814@example.com,United Kingdom,London,2025-11-06T16:55:33.130893+00:00
815,Lena Fischer,lena.fischer815@example.com,Germany,Berlin,2025-12-07T16:36:50.130912+00:00
816,Michael Brown,michael.brown816@example.com,United States,New York,2025-10-09T02:41:35.130932+00:00
817,Priya Singh,priya.singh817@example.com,India,Bengaluru,2025-10-20T08:34:32.130952+00:00
818,Chiara Gallo,chiara.gallo818@example.com,Italy,Milan,2025-09-17T01:59:02.130972+00:00
819,George Taylor,george.taylor819@example.com,United Kingdom,London,2026-01-07T20:55:21.130992+00:00
820,Emily Smith,emily.smith820@example.com,United States,New York,2025-08-04T18:28:08.131011+00:00
821,Lena Meyer,lena.meyer821@example.com,Germany,Berlin,2025-08-26T03:39:40.131030+00:00
822,Oliver Jones,oliver.jones822@example.com,United Kingdom,London,2025-09-22T17:24:35.131050+00:00
823,Lena Weber,lena.weber823@example.com,Germany,Berlin,2025-05-12T10:40:33.131073+00:00
824,Sophia Miller,sophia.miller824@example.com,United States,New York,2025-03-31T09:54:08.131103+00:00
825,Hina Tanaka,hina.tanaka825@example.com,Japan,Tokyo,2025-07-15T06:28:02.131127+00:00
826,Javier Pérez,javier.perez826@example.com,Spain,Madrid,2025-04-25T06:08:48.131150+00:00
827,Manon Lefèvre,manon.lefevre827@example.com,France,Paris,2025-04-10T05:22:19.131175+00:00
828,Haruto Sato,haruto.sato828@example.com,Japan,Tokyo,2025-04-12T18:52:51.131198+00:00
829,Juliana Souza,juliana.souza829@example.com,Brazil,São Paulo,2025-02-13T22:09:25.131233+00:00
830,Camille Laurent,camille.laurent830@example.com,France,Paris,2025-12-11T21:09:39.131258+00:00
831,Camille Moreau,camille.moreau831@example.com,France,Paris,2025-04-06T01:30:37.131281+00:00
832,Felix Schneider,felix.schneider832@example.com,Germany,Berlin,2026-01-03T22:07:31.131304+00:00
833,Jun Wang,jun.wang833@example.com,China,Shanghai,2025-04-28T13:38:10.131327+00:00
834,Haruto Yamamoto,haruto.yamamoto834@example.com,Japan,Tokyo,2025-12-04T23:10:06.131351+00:00
835,Laura Fischer,laura.fischer835@example.com,Germany,Berlin,2025-02-13T15:04:43.131375+00:00
836,Carlos Fernández,carlos.fernandez836@example.com,Spain,Madrid,2025-12-16T04:49:08.131399+00:00
837,Inês Costa,ines.costa837@example.com,Portugal,Lisbon,2025-06-18T14:23:35.131423+00:00
838,Louis Dubois,louis.dubois838@example.com,France,Paris,2025-02-16T08:52:11.131446+00:00
839,Erik Andersson,erik.andersson839@example.com,Sweden,Stockholm,2026-01-11T03:29:46.131469+00:00
840,Javier García,javier.garcia840@example.com,Spain,Madrid,2025-10-04T02:01:30.131500+00:00
841,Ling Liu,ling.liu841@example.com,China,Shanghai,2025-10-24T15:44:25.131524+00:00
842,James Smith,james.smith842@example.com,United States,New York,2025-12-05T16:31:32.131547+00:00
843,Pedro Costa,pedro.costa843@example.com,Brazil,São Paulo,2025-05-08T23:44:24.131574+00:00
844,Hugo Johansson,hugo.johansson844@example.com,Sweden,Stockholm,2025-06-07T18:26:53.131598+00:00
845,Manon Simon,manon.simon845@example.com,France,Paris,2026-01-20T23:59:08.131621+00:00
846,Fang Zhang,fang.zhang846@example.com,China,Shanghai,2025-06-05T19:57:13.131645+00:00
847,Paul Weber,paul.weber847@example.com,Germany,Berlin,2025-07-08T10:22:56.131668+00:00
848,Oliver Brown,oliver.brown848@example.com,United Kingdom,London,2025-09-20T11:20:58.131691+00:00
849,David Brown,david.brown849@example.com,United States,New York,2025-01-31T10:36:04.131713+00:00
850,Felix Meyer,felix.meyer850@example.com,Germany,Berlin,2025-05-11T15:36:04.131736+00:00
851,Sota Ito,sota.ito851@example.com,Japan,Tokyo,2025-05-22T12:52:10.131767+00:00
852,Sofía Sánchez,sofia.sanchez852@example.com,Spain,Madrid,2025-09-29T21:06:09.131788+00:00
853,Daniel Smith,daniel.smith853@example.com,United States,New York,2025-07-05T23:58:50.131808+00:00
854,Emma Jansen,emma.jansen854@example.com,Netherlands,Amsterdam,2025-08-11T17:43:51.131828+00:00
855,Alessandro Bianchi,alessandro.bianchi855@example.com,Italy,Milan,2025-03-14T19:18:27.131849+00:00
856,Inês Silva,ines.silva856@example.com,Portugal,Lisbon,2025-12-03T12:21:00.131870+00:00
857,Hina Yamamoto,hina.yamamoto857@example.com,Japan,Tokyo,2025-03-04T12:33:40.131890+00:00
858,James Brown,james.brown858@example.com,United States,New York,2025-10-25T14:59:55.131911+00:00
859,Manon Dubois,manon.dubois859@example.com,France,Paris,2025-06-07T16:42:18.131931+00:00
860,Beatriz Costa,beatriz.costa860@example.com,Brazil,São Paulo,2025-11-06T16:56:59.131951+00:00
861,Jules Simon,jules.simon861@example.com,France,Paris,2026-01-11T01:39:53.131971+00:00
862,Sophia Miller,sophia.miller862@example.com,United States,New York,2025-06-24T13:52:24.131994+00:00
863,Isla Wilson,isla.wilson863@example.com,United Kingdom,London,2025-06-20T07:23:52.132017+00:00
864,Lucas Laurent,lucas.laurent864@example.com,France,Paris,2025-04-27T16:36:34.132037+00:00
865,Harry Taylor,harry.taylor865@example.com,United Kingdom,London,2025-12-28T17:15:38.132057+00:00
866,Gabriel Costa,gabriel.costa866@example.com,Brazil,São Paulo,2025-02-17T01:38:20.132078+00:00
867,Miguel Sánchez,miguel.sanchez867@example.com,Spain,Madrid,2025-12-05T00:15:08.132100+00:00
868,Neha Kumar,neha.kumar868@example.com,India,Bengaluru,2025-08-05T23:08:56.132121+00:00
869,David Brown,david.brown869@example.com,United States,New York,2025-02-20T21:33:59.132141+00:00
870,Tess Visser,tess.visser870@example.com,Netherlands,Amsterdam,2025-05-29T06:33:02.132162+00:00
871,Lucía Sánchez,lucia.sanchez871@example.com,Spain,Madrid,2025-06-04T20:16:05.132183+00:00
872,Leon Meyer,leon.meyer872@example.com,Germany,Berlin,2025-02-04T23:42:37.132202+00:00
873,Maja Larsson,maja.larsson873@example.com,Sweden,Stockholm,2025-10-30T01:53:32.132223+00:00
874,Zofia Kamiński,zofia.kaminski874@example.com,Poland,Warsaw,2025-03-24T00:31:01.132252+00:00
875,Isla Wilson,isla.wilson875@example.com,United Kingdom,London,2025-03-13T15:51:09.132271+00:00
876,Sara Ferrari,sara.ferrari876@example.com,Italy,Milan,2026-01-19T13:19:59.132290+00:00
877,Neha Singh,neha.singh877@example.com,India,Bengaluru,2025-08-16T06:51:14.132311+00:00
878,George Taylor,george.taylor878@example.com,United Kingdom,London,2025-11-27T09:18:07.132332+00:00
879,Emily Davis,emily.davis879@example.com,United States,New York,2025-10-13T06:51:59.132354+00:00
880,Lucas Laurent,lucas.laurent880@example.com,France,Paris,2025-06-29T14:10:05.132373+00:00
881,María Martínez,maria.martinez881@example.com,Spain,Madrid,2025-12-20T21:31:22.132394+00:00
882,Julia Jansen,julia.jansen882@example.com,Netherlands,Amsterdam,2025-08-11T13:23:02.132416+00:00
883,Pierre Roux,pierre.roux883@example.com,France,Paris,2025-06-18T02:02:02.132436+00:00
884,Oliver Jones,oliver.jones884@example.com,United Kingdom,London,2025-07-11T09:07:19.132457+00:00
885,Arjun Mehta,arjun.mehta885@example.com,India,Bengaluru,2025-07-08T21:38:08.132476+00:00
886,Michael Miller,michael.miller886@example.com,United States,New York,2025-05-17T00:22:59.132496+00:00
887,Piotr Kowalski,piotr.kowalski887@example.com,Poland,Warsaw,2025-07-01T11:10:34.132516+00:00
888,Anna Lewandowski,anna.lewandowski888@example.com,Poland,Warsaw,2025-11-24T17:21:26.132536+00:00
889,Gabriel Souza,gabriel.souza889@example.com,Brazil,São Paulo,2025-07-06T18:56:01.132559+00:00
890,Jack Davies,jack.davies890@example.com,United Kingdom,London,2025-06-24T19:52:20.132579+00:00
891,Oliver Davies,oliver.davies891@example.com,United Kingdom,London,2025-12-14T20:38:35.132598+00:00
892,Juliana Costa,juliana.costa892@example.com,Brazil,São Paulo,2025-06-08T17:41:09.132618+00:00
893,Manon Simon,manon.simon893@example.com,France,Paris,2025-07-30T11:05:15.132639+00:00
894,Olivia Smith,olivia.smith894@example.com,United States,New York,2025-08-14T04:52:37.132658+00:00
895,Ling Zhang,ling.zhang895@example.com,China,Shanghai,2025-11-30T15:21:54.132678+00:00
896,Ananya Mehta,ananya.mehta896@example.com,India,Bengaluru,2025-11-04T07:17:33.132700+00:00
897,Isla Smith,isla.smith897@example.com,United Kingdom,London,2025-04-17T00:39:57.132720+00:00
898,Luca Rossi,luca.rossi898@example.com,Italy,Milan,2025-11-16T23:48:23.132739+00:00
899,Piotr Kowalski,piotr.kowalski899@example.com,Poland,Warsaw,2025-10-04T17:09:06.132759+00:00
900,Lucía Fernández,lucia.fernandez900@example.com,Spain,Madrid,2025-07-04T00:19:40.132779+00:00
901,Lena Schneider,lena.schneider901@example.com,Germany,Berlin,2025-10-24T00:28:57.132803+00:00
902,Mia Brown,mia.brown902@example.com,United Kingdom,London,2025-02-11T13:09:27.132822+00:00
903,Sophie de Jong,sophie.de.jong903@example.com,Netherlands,Amsterdam,2025-10-24T20:19:11.132842+00:00
904,Marco Romano,marco.romano904@example.com,Italy,Milan,2025-04-25T17:04:23.132861+00:00
905,Carmen Fernández,carmen.fernandez905@example.com,Spain,Madrid,2025-03-27T09:02:08.132882+00:00
906,Manon Dubois,manon.dubois906@example.com,France,Paris,2025-02-13T03:09:26.132902+00:00
907,Rafael Almeida,rafael.almeida907@example.com,Brazil,São Paulo,2025-12-11T03:02:29.132922+00:00
908,Anna Weber,anna.weber908@example.com,Germany,Berlin,2025-02-23T20:18:11.132941+00:00
909,Daniel Smith,daniel.smith909@example.com,United States,New York,2025-02-24T23:17:27.132961+00:00
910,Mariana Almeida,mariana.almeida910@example.com,Brazil,São Paulo,2025-10-20T04:32:02.132981+00:00
911,Daniel Brown,daniel.brown911@example.com,United States,New York,2025-05-30T02:14:16.133000+00:00
912,Lucía García,lucia.garcia912@example.com,Spain,Madrid,2025-12-29T04:23:21.133021+00:00
913,Camille Dubois,camille.dubois913@example.com,France,Paris,2025-12-09T04:13:50.133045+00:00
914,Max Schmidt,max.schmidt914@example.com,Germany,Berlin,2025-12-08T01:17:13.133064+00:00
915,Rafael Costa,rafael.costa915@example.com,Brazil,São Paulo,2025-12-09T11:23:44.133084+00:00
916,Pablo Sánchez,pablo.sanchez916@example.com,Spain,Madrid,2026-01-19T15:41:53.133107+00:00
917,Juliana Oliveira,juliana.oliveira917@example.com,Brazil,São Paulo,2025-10-02T09:25:26.133127+00:00
918,Erik Larsson,erik.larsson918@example.com,Sweden,Stockholm,2025-06-12T12:00:14.133147+00:00
919,Felix Müller,felix.muller919@example.com,Germany,Berlin,2026-01-15T06:39:59.133168+00:00
920,Jack Smith,jack.smith920@example.com,United Kingdom,London,2025-05-02T23:11:27.133187+00:00
921,Sophia Taylor,sophia.taylor921@example.com,United States,New York,2025-06-22T00:08:10.133210+00:00
922,George Smith,george.smith922@example.com,United Kingdom,London,2025-07-08T23:36:33.133237+00:00
923,Hina Ito,hina.ito923@example.com,Japan,Tokyo,2025-06-25T05:34:10.133258+00:00
924,Ana Oliveira,ana.oliveira924@example.com,Brazil,São Paulo,2025-02-27T13:09:21.133278+00:00
925,Ling Li,ling.li925@example.com,China,Shanghai,2025-06-22T01:20:36.133297+00:00
926,Alessandro Russo,alessandro.russo926@example.com,Italy,Milan,2025-10-02T04:03:44.133318+00:00
927,Leon Meyer,leon.meyer927@example.com,Germany,Berlin,2025-02-11T08:02:04.133338+00:00
928,Luca Romano,luca.romano928@example.com,Italy,Milan,2025-05-01T09:23:14.133358+00:00
929,Lucas Simon,lucas.simon929@example.com,France,Paris,2025-03-05T16:40:55.133380+00:00
930,Carmen Pérez,carmen.perez930@example.com,Spain,Madrid,2025-12-15T20:45:40.133401+00:00
931,Jack Brown,jack.brown931@example.com,United Kingdom,London,2025-02-26T05:42:53.133420+00:00
932,Matteo Russo,matteo.russo932@example.com,Italy,Milan,2025-11-11T18:14:33.133443+00:00
933,Daniel Davis,daniel.davis933@example.com,United States,New York,2025-07-08T01:39:23.133463+00:00
934,Ming Yang,ming.yang934@example.com,China,Shanghai,2025-10-09T00:55:52.133483+00:00
935,Pablo Pérez,pablo.perez935@example.com,Spain,Madrid,2025-03-08T16:26:55.133503+00:00
936,Michael Davis,michael.davis936@example.com,United States,New York,2025-05-17T03:24:37.133523+00:00
937,Michael Brown,michael.brown937@example.com,United States,New York,2025-06-23T18:11:29.133544+00:00
938,Lars Bakker,lars.bakker938@example.com,Netherlands,Amsterdam,2025-07-28T19:37:38.133564+00:00
939,Felix Weber,felix.weber939@example.com,Germany,Berlin,2025-11-30T04:33:46.133584+00:00
940,Wei Zhang,wei.zhang940@example.com,China,Shanghai,2025-08-19T18:07:31.133616+00:00
941,Emily Smith,emily.smith941@example.com,United States,New York,2025-09-13T09:29:38.133637+00:00
942,Beatriz Pereira,beatriz.pereira942@example.com,Brazil,São Paulo,2025-09-21T06:33:22.133672+00:00
943,Jun Wang,jun.wang943@example.com,China,Shanghai,2025-12-08T21:20:25.133695+00:00
944,Lucas Dubois,lucas.dubois944@example.com,France,Paris,2025-05-10T07:53:25.133718+00:00
945,Francesca Romano,francesca.romano945@example.com,Italy,Milan,2025-06-17T00:42:12.133741+00:00
946,Ling Yang,ling.yang946@example.com,China,Shanghai,2025-10-24T18:55:19.133765+00:00
947,Isla Wilson,isla.wilson947@example.com,United Kingdom,London,2025-11-02T02:32:07.133789+00:00
948,Haruto Ito,haruto.ito948@example.com,Japan,Tokyo,2025-06-02T14:24:18.133812+00:00
949,Sara Gallo,sara.gallo949@example.com,Italy,Milan,2025-12-07T14:21:37.133834+00:00
950,Tess Bakker,tess.bakker950@example.com,Netherlands,Amsterdam,2025-12-04T16:06:16.133857+00:00
951,Emily Miller,emily.miller951@example.com,United States,New York,2025-02-09T15:49:02.133880+00:00
952,Mia Wilson,mia.wilson952@example.com,United Kingdom,London,2025-08-02T04:47:23.133903+00:00
953,Hina Sato,hina.sato953@example.com,Japan,Tokyo,2026-01-28T14:49:34.133926+00:00
954,María Pérez,maria.perez954@example.com,Spain,Madrid,2025-12-25T00:18:18.133953+00:00
955,Li Yang,li.yang955@example.com,China,Shanghai,2025-05-26T20:37:32.133976+00:00
956,Rafael Oliveira,rafael.oliveira956@example.com,Brazil,São Paulo,2025-07-26T23:26:16.134001+00:00
957,Leon Müller,leon.muller957@example.com,Germany,Berlin,2025-06-26T19:45:40.134025+00:00
958,Gabriel Oliveira,gabriel.oliveira958@example.com,Brazil,São Paulo,2025-09-18T21:43:12.134050+00:00
959,Maja Johansson,maja.johansson959@example.com,Sweden,Stockholm,2025-06-18T06:48:38.134075+00:00
960,Bram de Vries,bram.de.vries960@example.com,Netherlands,Amsterdam,2025-10-27T23:54:09.134101+00:00
961,Laura Weber,laura.weber961@example.com,Germany,Berlin,2025-12-24T10:12:45.134124+00:00
962,Juliana Costa,juliana.costa962@example.com,Brazil,São Paulo,2025-12-02T03:45:06.134149+00:00
963,Hao Zhang,hao.zhang963@example.com,China,Shanghai,2025-02-23T01:31:24.134172+00:00
964,Paul Meyer,paul.meyer964@example.com,Germany,Berlin,2026-01-21T00:37:47.134196+00:00
965,Max Meyer,max.meyer965@example.com,Germany,Berlin,2026-01-17T22:24:31.134219+00:00
966,Juliana Silva,juliana.silva966@example.com,Brazil,São Paulo,2025-09-29T17:39:16.134253+00:00
967,Carmen Pérez,carmen.perez967@example.com,Spain,Madrid,2025-08-31T11:54:56.134277+00:00
968,Sota Sato,sota.sato968@example.com,Japan,Tokyo,2026-01-10T01:30:05.134310+00:00
969,Isla Davies,isla.davies969@example.com,United Kingdom,London,2025-03-08T05:36:02.134331+00:00
970,Mia Schneider,mia.schneider970@example.com,Germany,Berlin,2025-02-02T05:15:04.134350+00:00
971,Arjun Patel,arjun.patel971@example.com,India,Bengaluru,2025-08-02T20:35:15.134370+00:00
972,Sofia Persson,sofia.persson972@example.com,Sweden,Stockholm,2026-01-30T01:35:34.134390+00:00
973,Paul Weber,paul.weber973@example.com,Germany,Berlin,2025-08-14T09:42:42.134410+00:00
974,Jack Wilson,jack.wilson974@example.com,United Kingdom,London,2025-04-15T18:27:46.134430+00:00
975,Neha Gupta,neha.gupta975@example.com,India,Bengaluru,2025-12-07T11:32:52.134449+00:00
976,Priya Patel,priya.patel976@example.com,India,Bengaluru,2025-06-27T16:27:14.134469+00:00
977,Juliana Almeida,juliana.almeida977@example.com,Brazil,São Paulo,2026-01-17T17:34:14.134490+00:00
978,Laura Schneider,laura.schneider978@example.com,Germany,Berlin,2026-01-10T14:07:02.134510+00:00
979,Mei Li,mei.li979@example.com,China,Shanghai,2025-05-10T14:20:23.134533+00:00
980,Sara Ferrari,sara.ferrari980@example.com,Italy,Milan,2025-04-23T14:06:41.134552+00:00
981,Sophia Davis,sophia.davis981@example.com,United States,New York,2025-05-21T13:06:03.134572+00:00
982,María Pérez,maria.perez982@example.com,Spain,Madrid,2025-11-18T01:03:11.134594+00:00
983,Pierre Dubois,pierre.dubois983@example.com,France,Paris,2025-12-28T09:31:50.134613+00:00
984,Aoi Ito,aoi.ito984@example.com,Japan,Tokyo,2026-01-22T08:09:17.134633+00:00
985,George Smith,george.smith985@example.com,United Kingdom,London,2025-03-25T11:52:34.134653+00:00
986,Leon Fischer,leon.fischer986@example.com,Germany,Berlin,2025-10-04T05:17:32.134674+00:00
987,Jules Lefèvre,jules.lefevre987@example.com,France,Paris,2025-02-25T19:38:34.134695+00:00
988,Ling Yang,ling.yang988@example.com,China,Shanghai,2025-05-12T14:33:49.134718+00:00
989,Aoi Yamamoto,aoi.yamamoto989@example.com,Japan,Tokyo,2025-10-12T16:07:32.134749+00:00
990,Carmen Sánchez,carmen.sanchez990@example.com,Spain,Madrid,2026-01-28T03:05:15.134773+00:00
991,Camille Lefèvre,camille.lefevre991@example.com,France,Paris,2025-07-05T20:43:47.134801+00:00
992,Manon Lefèvre,manon.lefevre992@example.com,France,Paris,2025-02-07T13:34:10.134824+00:00
993,Matteo Gallo,matteo.gallo993@example.com,Italy,Milan,2025-06-27T02:30:45.134847+00:00
994,María Sánchez,maria.sanchez994@example.com,Spain,Madrid,2026-01-25T01:29:20.134870+00:00
995,Isla Davies,isla.davies995@example.com,United Kingdom,London,2025-04-19T06:13:13.134893+00:00
996,Chloé Lefèvre,chloe.lefevre996@example.com,France,Paris,2025-09-21T02:16:58.134917+00:00
997,Hugo Larsson,hugo.larsson997@example.com,Sweden,Stockholm,2025-08-31T19:00:45.134941+00:00
998,Camille Roux,camille.roux998@example.com,France,Paris,2025-03-08T03:27:59.134964+00:00
999,Sara Russo,sara.russo999@example.com,Italy,Milan,2025-06-11T15:31:26.134989+00:00
1000,Jun Chen,jun.chen1000@example.com,China,Shanghai,2025-09-02T03:50:24.135013+00:00
